id,sis_id,submitted,attempt,confidence_level_combined,iso_ortho_text,iso_ortho_num,ortho_iso_text,ortho_iso_num
245808,659595374,2020-03-15 20:48:18 UTC,1,"Agree,Agree",Agree,4,Agree,4
258406,397551995,2020-03-15 20:27:28 UTC,1,"Agree,Agree",Agree,4,Agree,4
256704,353972624,2020-03-15 20:27:15 UTC,1,"Agree,Agree",Agree,4,Agree,4
174323,502191590,2020-03-15 20:16:19 UTC,1,"Agree,Agree",Agree,4,Agree,4
210748,287987006,2020-03-15 20:11:39 UTC,1,"Agree,Agree",Agree,4,Agree,4
270952,173605018,2020-03-15 19:39:52 UTC,1,"Agree,Agree",Agree,4,Agree,4
243954,806648924,2020-03-15 19:25:02 UTC,1,"Agree,Agree",Agree,4,Agree,4
168245,822838445,2020-03-15 17:36:51 UTC,1,"Agree,Agree",Agree,4,Agree,4
269130,268510791,2020-03-15 14:16:34 UTC,1,"Agree,Agree",Agree,4,Agree,4
216945,486277633,2020-03-15 13:14:41 UTC,1,"Agree,Agree",Agree,4,Agree,4
257675,636903274,2020-03-15 12:51:16 UTC,1,"Agree,Agree",Agree,4,Agree,4
255456,258729263,2020-03-15 12:47:52 UTC,1,"Agree,Agree",Agree,4,Agree,4
239506,288046674,2020-03-15 12:42:10 UTC,1,"Agree,Agree",Agree,4,Agree,4
260866,937061600,2020-03-15 12:19:42 UTC,1,"Agree,Agree",Agree,4,Agree,4
254765,606747880,2020-03-15 12:04:41 UTC,1,"Agree,Agree",Agree,4,Agree,4
259574,399592117,2020-03-15 11:59:39 UTC,1,"Agree,Agree",Agree,4,Agree,4
259484,464608278,2020-03-15 11:42:03 UTC,1,"Agree,Agree",Agree,4,Agree,4
208665,418781651,2020-03-15 11:33:44 UTC,1,"Agree,Agree",Agree,4,Agree,4
247350,510161332,2020-03-15 11:22:15 UTC,1,"Agree,Agree",Agree,4,Agree,4
213923,419474653,2020-03-15 11:08:34 UTC,1,"Agree,Agree",Agree,4,Agree,4
198953,310198480,2020-03-15 10:49:44 UTC,1,"Agree,Agree",Agree,4,Agree,4
257883,728381979,2020-03-15 10:45:50 UTC,1,"Agree,Agree",Agree,4,Agree,4
222833,208557643,2020-03-15 10:39:27 UTC,1,"Agree,Agree",Agree,4,Agree,4
255856,846182292,2020-03-15 10:38:55 UTC,1,"Agree,Agree",Agree,4,Agree,4
266909,405804922,2020-03-15 10:38:27 UTC,1,"Agree,Agree",Agree,4,Agree,4
253703,139396881,2020-03-15 10:32:11 UTC,1,"Agree,Agree",Agree,4,Agree,4
248991,448022408,2020-03-15 10:20:50 UTC,1,"Agree,Agree",Agree,4,Agree,4
252867,184906553,2020-03-15 10:18:09 UTC,1,"Agree,Agree",Agree,4,Agree,4
225808,934041262,2020-03-15 10:09:54 UTC,1,"Agree,Agree",Agree,4,Agree,4
251023,453112680,2020-03-15 10:04:59 UTC,1,"Agree,Agree",Agree,4,Agree,4
246065,753285204,2020-03-15 10:02:16 UTC,1,"Agree,Agree",Agree,4,Agree,4
246407,580344177,2020-03-15 09:55:32 UTC,1,"Agree,Agree",Agree,4,Agree,4
201473,431427358,2020-03-15 09:52:51 UTC,1,"Agree,Agree",Agree,4,Agree,4
257824,699756822,2020-03-15 09:37:14 UTC,1,"Agree,Agree",Agree,4,Agree,4
244459,511144004,2020-03-15 09:36:01 UTC,1,"Agree,Agree",Agree,4,Agree,4
242839,847398087,2020-03-15 09:34:37 UTC,1,"Agree,Agree",Agree,4,Agree,4
257621,372768309,2020-03-15 09:34:22 UTC,1,"Agree,Agree",Agree,4,Agree,4
213969,172298642,2020-03-15 09:15:34 UTC,1,"Agree,Agree",Agree,4,Agree,4
265488,955950799,2020-03-15 09:07:44 UTC,1,"Agree,Agree",Agree,4,Agree,4
264063,524890966,2020-03-15 09:02:58 UTC,1,"Agree,Agree",Agree,4,Agree,4
243119,988397547,2020-03-15 08:55:42 UTC,1,"Agree,Agree",Agree,4,Agree,4
259478,781080219,2020-03-15 08:52:42 UTC,1,"Agree,Agree",Agree,4,Agree,4
246196,883286891,2020-03-15 08:52:39 UTC,1,"Agree,Agree",Agree,4,Agree,4
246694,558899993,2020-03-15 08:52:26 UTC,1,"Agree,Agree",Agree,4,Agree,4
217220,622627635,2020-03-15 08:43:19 UTC,1,"Agree,Agree",Agree,4,Agree,4
264205,619297268,2020-03-15 08:38:03 UTC,1,"Agree,Agree",Agree,4,Agree,4
272486,468403720,2020-03-15 08:17:27 UTC,1,"Agree,Agree",Agree,4,Agree,4
243775,960686259,2020-03-15 08:04:55 UTC,1,"Agree,Agree",Agree,4,Agree,4
246733,208108223,2020-03-15 08:04:14 UTC,1,"Agree,Agree",Agree,4,Agree,4
255358,964141467,2020-03-15 08:01:12 UTC,1,"Agree,Agree",Agree,4,Agree,4
208539,822042586,2020-03-15 08:00:42 UTC,1,"Agree,Agree",Agree,4,Agree,4
270105,399994853,2020-03-15 07:57:36 UTC,1,"Agree,Agree",Agree,4,Agree,4
253182,525202200,2020-03-15 07:53:36 UTC,1,"Agree,Agree",Agree,4,Agree,4
251812,679548348,2020-03-15 07:52:19 UTC,1,"Agree,Agree",Agree,4,Agree,4
257304,301458463,2020-03-15 07:39:03 UTC,1,"Agree,Agree",Agree,4,Agree,4
263234,359909220,2020-03-15 07:37:12 UTC,1,"Agree,Agree",Agree,4,Agree,4
250168,344653840,2020-03-15 07:32:53 UTC,1,"Agree,Agree",Agree,4,Agree,4
261033,314270435,2020-03-15 07:24:27 UTC,1,"Agree,Agree",Agree,4,Agree,4
246628,483778758,2020-03-15 07:17:06 UTC,1,"Agree,Agree",Agree,4,Agree,4
246367,786416359,2020-03-15 07:15:57 UTC,1,"Agree,Agree",Agree,4,Agree,4
198425,748732131,2020-03-15 07:09:25 UTC,1,"Agree,Agree",Agree,4,Agree,4
251739,508545337,2020-03-15 07:07:26 UTC,1,"Agree,Agree",Agree,4,Agree,4
251078,799923042,2020-03-15 07:06:37 UTC,1,"Agree,Agree",Agree,4,Agree,4
258469,866156972,2020-03-15 07:04:57 UTC,1,"Agree,Agree",Agree,4,Agree,4
262922,971755539,2020-03-15 06:45:57 UTC,1,"Agree,Agree",Agree,4,Agree,4
270683,461387529,2020-03-15 06:06:24 UTC,1,"Agree,Agree",Agree,4,Agree,4
248230,813493529,2020-03-15 05:47:25 UTC,1,"Agree,Agree",Agree,4,Agree,4
244966,232644819,2020-03-15 05:47:01 UTC,1,"Agree,Agree",Agree,4,Agree,4
247698,284314635,2020-03-15 05:37:22 UTC,1,"Agree,Agree",Agree,4,Agree,4
254712,511305289,2020-03-15 05:34:57 UTC,1,"Agree,Agree",Agree,4,Agree,4
251161,258474096,2020-03-15 05:21:06 UTC,1,"Agree,Agree",Agree,4,Agree,4
196898,800610925,2020-03-15 05:04:35 UTC,1,"Agree,Agree",Agree,4,Agree,4
266098,831775626,2020-03-15 04:37:03 UTC,1,"Agree,Agree",Agree,4,Agree,4
250182,583960629,2020-03-15 04:36:20 UTC,1,"Agree,Agree",Agree,4,Agree,4
224145,921778425,2020-03-15 04:23:04 UTC,1,"Agree,Agree",Agree,4,Agree,4
255545,267892628,2020-03-15 04:16:17 UTC,1,"Agree,Agree",Agree,4,Agree,4
223769,162490147,2020-03-15 03:58:04 UTC,1,"Agree,Agree",Agree,4,Agree,4
208742,703006726,2020-03-15 03:55:29 UTC,1,"Agree,Agree",Agree,4,Agree,4
257849,762267774,2020-03-15 03:52:52 UTC,1,"Agree,Agree",Agree,4,Agree,4
256422,955636214,2020-03-15 03:45:55 UTC,1,"Agree,Agree",Agree,4,Agree,4
245336,118491607,2020-03-15 03:31:24 UTC,1,"Agree,Agree",Agree,4,Agree,4
268635,588809178,2020-03-15 03:30:27 UTC,1,"Agree,Agree",Agree,4,Agree,4
265680,850828623,2020-03-15 03:26:35 UTC,1,"Agree,Agree",Agree,4,Agree,4
238258,565536680,2020-03-15 03:18:11 UTC,1,"Agree,Agree",Agree,4,Agree,4
242168,733203507,2020-03-15 03:18:09 UTC,1,"Agree,Agree",Agree,4,Agree,4
253019,939061270,2020-03-15 02:57:17 UTC,1,"Agree,Agree",Agree,4,Agree,4
225675,774053597,2020-03-15 02:55:05 UTC,1,"Agree,Agree",Agree,4,Agree,4
260189,717360769,2020-03-15 02:51:32 UTC,1,"Agree,Agree",Agree,4,Agree,4
256457,480000262,2020-03-15 02:47:20 UTC,1,"Agree,Agree",Agree,4,Agree,4
252005,264535270,2020-03-15 02:40:32 UTC,1,"Agree,Agree",Agree,4,Agree,4
222796,592630920,2020-03-15 02:37:14 UTC,1,"Agree,Agree",Agree,4,Agree,4
209356,588330490,2020-03-15 02:22:04 UTC,1,"Agree,Agree",Agree,4,Agree,4
239338,276520527,2020-03-15 02:10:00 UTC,1,"Agree,Agree",Agree,4,Agree,4
242004,682321996,2020-03-15 02:06:48 UTC,1,"Agree,Agree",Agree,4,Agree,4
254961,750702927,2020-03-15 01:58:07 UTC,1,"Agree,Agree",Agree,4,Agree,4
246335,994160474,2020-03-15 01:51:05 UTC,1,"Agree,Agree",Agree,4,Agree,4
258409,741924400,2020-03-15 01:49:19 UTC,1,"Agree,Agree",Agree,4,Agree,4
272450,394331911,2020-03-15 01:41:19 UTC,1,"Agree,Agree",Agree,4,Agree,4
257121,283558558,2020-03-15 01:39:54 UTC,1,"Agree,Agree",Agree,4,Agree,4
159760,942343447,2020-03-15 01:23:44 UTC,1,"Agree,Agree",Agree,4,Agree,4
265612,987882313,2020-03-15 01:04:58 UTC,1,"Agree,Agree",Agree,4,Agree,4
244433,395006926,2020-03-15 01:03:34 UTC,1,"Agree,Agree",Agree,4,Agree,4
251184,969458527,2020-03-15 00:47:25 UTC,1,"Agree,Agree",Agree,4,Agree,4
271205,457103904,2020-03-15 00:43:05 UTC,1,"Agree,Agree",Agree,4,Agree,4
253717,207906995,2020-03-15 00:30:43 UTC,1,"Agree,Agree",Agree,4,Agree,4
270882,366510005,2020-03-15 00:28:06 UTC,1,"Agree,Agree",Agree,4,Agree,4
248419,586283870,2020-03-15 00:18:12 UTC,1,"Agree,Agree",Agree,4,Agree,4
259031,611262247,2020-03-15 00:17:42 UTC,1,"Agree,Agree",Agree,4,Agree,4
245107,176884286,2020-03-14 23:56:32 UTC,1,"Agree,Agree",Agree,4,Agree,4
256438,714176827,2020-03-14 23:38:14 UTC,1,"Agree,Agree",Agree,4,Agree,4
248666,637763090,2020-03-14 23:11:31 UTC,1,"Agree,Agree",Agree,4,Agree,4
214163,146148034,2020-03-14 22:56:55 UTC,1,"Agree,Agree",Agree,4,Agree,4
259050,454020286,2020-03-14 22:27:45 UTC,1,"Agree,Agree",Agree,4,Agree,4
256165,598355018,2020-03-14 21:59:09 UTC,1,"Agree,Agree",Agree,4,Agree,4
257192,681087165,2020-03-14 21:50:26 UTC,1,"Agree,Agree",Agree,4,Agree,4
256677,689753607,2020-03-14 21:35:10 UTC,1,"Agree,Agree",Agree,4,Agree,4
226635,779986839,2020-03-14 21:00:06 UTC,1,"Agree,Agree",Agree,4,Agree,4
252325,766578115,2020-03-14 13:07:39 UTC,1,"Agree,Agree",Agree,4,Agree,4
256787,212341079,2020-03-14 10:59:37 UTC,1,"Agree,Agree",Agree,4,Agree,4
255830,983924483,2020-03-14 10:14:36 UTC,1,"Agree,Agree",Agree,4,Agree,4
252296,333445990,2020-03-14 09:38:49 UTC,1,"Agree,Agree",Agree,4,Agree,4
234983,385406809,2020-03-14 09:38:22 UTC,1,"Agree,Agree",Agree,4,Agree,4
161249,321719499,2020-03-14 09:29:54 UTC,1,"Agree,Agree",Agree,4,Agree,4
268414,512163833,2020-03-14 09:14:54 UTC,1,"Agree,Agree",Agree,4,Agree,4
251167,588260533,2020-03-14 07:38:40 UTC,1,"Agree,Agree",Agree,4,Agree,4
258210,499122390,2020-03-14 06:32:39 UTC,1,"Agree,Agree",Agree,4,Agree,4
249922,739162050,2020-03-14 06:19:57 UTC,1,"Agree,Agree",Agree,4,Agree,4
260601,435741846,2020-03-14 05:35:25 UTC,1,"Agree,Agree",Agree,4,Agree,4
230406,311793062,2020-03-14 05:28:40 UTC,1,"Agree,Agree",Agree,4,Agree,4
263040,107472552,2020-03-14 05:07:53 UTC,1,"Agree,Agree",Agree,4,Agree,4
257670,839042582,2020-03-14 05:03:36 UTC,1,"Agree,Agree",Agree,4,Agree,4
267131,645666450,2020-03-14 04:24:46 UTC,1,"Agree,Agree",Agree,4,Agree,4
212778,980468406,2020-03-14 04:22:22 UTC,1,"Agree,Agree",Agree,4,Agree,4
216470,438857684,2020-03-14 04:20:02 UTC,1,"Agree,Agree",Agree,4,Agree,4
256673,621939370,2020-03-14 04:08:11 UTC,1,"Agree,Agree",Agree,4,Agree,4
257960,538784734,2020-03-14 03:54:48 UTC,1,"Agree,Agree",Agree,4,Agree,4
245458,716861238,2020-03-14 03:43:22 UTC,1,"Agree,Agree",Agree,4,Agree,4
257794,926335228,2020-03-14 02:51:20 UTC,1,"Agree,Agree",Agree,4,Agree,4
260776,766230629,2020-03-14 02:49:40 UTC,1,"Agree,Agree",Agree,4,Agree,4
256636,283420348,2020-03-14 02:35:01 UTC,1,"Agree,Agree",Agree,4,Agree,4
247418,459733963,2020-03-14 02:09:00 UTC,1,"Agree,Agree",Agree,4,Agree,4
256238,524931604,2020-03-14 01:34:43 UTC,1,"Agree,Agree",Agree,4,Agree,4
242814,723797764,2020-03-14 00:41:58 UTC,1,"Agree,Agree",Agree,4,Agree,4
256769,471403916,2020-03-13 23:11:19 UTC,1,"Agree,Agree",Agree,4,Agree,4
256354,722781138,2020-03-13 22:43:48 UTC,1,"Agree,Agree",Agree,4,Agree,4
250790,889113633,2020-03-13 09:19:48 UTC,1,"Agree,Agree",Agree,4,Agree,4
235124,834872448,2020-03-13 09:13:35 UTC,1,"Agree,Agree",Agree,4,Agree,4
251028,357553777,2020-03-13 08:30:39 UTC,1,"Agree,Agree",Agree,4,Agree,4
248651,233000943,2020-03-13 07:06:30 UTC,1,"Agree,Agree",Agree,4,Agree,4
245299,793944809,2020-03-13 06:37:50 UTC,1,"Agree,Agree",Agree,4,Agree,4
238276,501974083,2020-03-13 06:31:07 UTC,1,"Agree,Agree",Agree,4,Agree,4
252162,958291704,2020-03-13 04:31:04 UTC,1,"Agree,Agree",Agree,4,Agree,4
254155,785607380,2020-03-13 03:00:21 UTC,1,"Agree,Agree",Agree,4,Agree,4
248435,472205364,2020-03-13 00:37:08 UTC,1,"Agree,Agree",Agree,4,Agree,4
281279,203443268,2020-03-13 00:22:57 UTC,1,"Agree,Agree",Agree,4,Agree,4
212762,240931674,2020-03-13 00:00:40 UTC,1,"Agree,Agree",Agree,4,Agree,4
269404,686988304,2020-03-12 23:50:37 UTC,1,"Agree,Agree",Agree,4,Agree,4
213243,828086416,2020-03-12 22:49:02 UTC,1,"Agree,Agree",Agree,4,Agree,4
217080,312631997,2020-03-12 22:28:33 UTC,1,"Agree,Agree",Agree,4,Agree,4
252254,715387263,2020-03-12 22:20:52 UTC,1,"Agree,Agree",Agree,4,Agree,4
255039,951039025,2020-03-12 19:56:27 UTC,1,"Agree,Agree",Agree,4,Agree,4
245408,565722061,2020-03-12 19:43:26 UTC,1,"Agree,Agree",Agree,4,Agree,4
219862,303888651,2020-03-12 17:31:45 UTC,1,"Agree,Agree",Agree,4,Agree,4
244577,239480618,2020-03-12 11:37:24 UTC,1,"Agree,Agree",Agree,4,Agree,4
257256,624232450,2020-03-12 10:41:30 UTC,1,"Agree,Agree",Agree,4,Agree,4
211556,207386547,2020-03-12 09:57:52 UTC,1,"Agree,Agree",Agree,4,Agree,4
245244,806889461,2020-03-12 09:47:36 UTC,1,"Agree,Agree",Agree,4,Agree,4
244645,606278623,2020-03-12 09:20:52 UTC,1,"Agree,Agree",Agree,4,Agree,4
244748,233283357,2020-03-12 07:26:02 UTC,1,"Agree,Agree",Agree,4,Agree,4
261596,122450052,2020-03-12 07:09:43 UTC,1,"Agree,Agree",Agree,4,Agree,4
238271,637094296,2020-03-12 06:07:22 UTC,1,"Agree,Agree",Agree,4,Agree,4
251141,129996234,2020-03-12 05:25:50 UTC,1,"Agree,Agree",Agree,4,Agree,4
258185,516828230,2020-03-15 09:00:01 UTC,1,"Agree,Disagree",Agree,4,Disagree,2
260810,408430567,2020-03-15 04:24:43 UTC,1,"Agree,Disagree",Agree,4,Disagree,2
247128,416073758,2020-03-15 02:33:23 UTC,1,"Agree,Disagree",Agree,4,Disagree,2
245547,127993515,2020-03-15 01:36:42 UTC,1,"Agree,Disagree",Agree,4,Disagree,2
255031,537427364,2020-03-15 01:31:22 UTC,1,"Agree,Disagree",Agree,4,Disagree,2
238272,920147998,2020-03-15 00:06:01 UTC,1,"Agree,Disagree",Agree,4,Disagree,2
220428,774636071,2020-03-14 22:31:51 UTC,1,"Agree,Disagree",Agree,4,Disagree,2
245712,791645535,2020-03-14 05:59:29 UTC,1,"Agree,Disagree",Agree,4,Disagree,2
256648,839332403,2020-03-14 04:57:24 UTC,1,"Agree,Disagree",Agree,4,Disagree,2
252016,291922276,2020-03-12 08:55:36 UTC,1,"Agree,Disagree",Agree,4,Disagree,2
263069,705410853,2020-03-15 20:38:04 UTC,1,"Agree,Neutral",Agree,4,Neutral,3
254338,335190637,2020-03-15 20:32:38 UTC,1,"Agree,Neutral",Agree,4,Neutral,3
255540,569503958,2020-03-15 19:44:26 UTC,1,"Agree,Neutral",Agree,4,Neutral,3
259349,786281271,2020-03-15 14:24:50 UTC,1,"Agree,Neutral",Agree,4,Neutral,3
255053,524829348,2020-03-15 12:27:31 UTC,1,"Agree,Neutral",Agree,4,Neutral,3
258228,999859815,2020-03-15 12:25:43 UTC,1,"Agree,Neutral",Agree,4,Neutral,3
265386,569139324,2020-03-15 11:42:35 UTC,1,"Agree,Neutral",Agree,4,Neutral,3
270646,626086055,2020-03-15 11:23:20 UTC,1,"Agree,Neutral",Agree,4,Neutral,3
266603,736846465,2020-03-15 11:18:44 UTC,1,"Agree,Neutral",Agree,4,Neutral,3
256408,292580845,2020-03-15 11:07:45 UTC,1,"Agree,Neutral",Agree,4,Neutral,3
255227,998895021,2020-03-15 10:26:01 UTC,1,"Agree,Neutral",Agree,4,Neutral,3
260673,393057172,2020-03-15 10:08:33 UTC,1,"Agree,Neutral",Agree,4,Neutral,3
257573,748949947,2020-03-15 10:01:24 UTC,1,"Agree,Neutral",Agree,4,Neutral,3
239274,787271016,2020-03-15 09:57:43 UTC,1,"Agree,Neutral",Agree,4,Neutral,3
242891,691231052,2020-03-15 09:48:44 UTC,1,"Agree,Neutral",Agree,4,Neutral,3
267204,724476575,2020-03-15 09:29:08 UTC,1,"Agree,Neutral",Agree,4,Neutral,3
251198,510123010,2020-03-15 08:50:24 UTC,1,"Agree,Neutral",Agree,4,Neutral,3
202736,217100530,2020-03-15 08:15:12 UTC,1,"Agree,Neutral",Agree,4,Neutral,3
257724,786813717,2020-03-15 07:42:23 UTC,1,"Agree,Neutral",Agree,4,Neutral,3
257616,366348919,2020-03-15 07:07:42 UTC,1,"Agree,Neutral",Agree,4,Neutral,3
249151,863117038,2020-03-15 06:58:09 UTC,1,"Agree,Neutral",Agree,4,Neutral,3
261576,553737645,2020-03-15 05:55:55 UTC,1,"Agree,Neutral",Agree,4,Neutral,3
251725,673517823,2020-03-15 05:43:40 UTC,1,"Agree,Neutral",Agree,4,Neutral,3
257144,797778291,2020-03-15 05:32:33 UTC,1,"Agree,Neutral",Agree,4,Neutral,3
251575,732528849,2020-03-15 04:19:10 UTC,1,"Agree,Neutral",Agree,4,Neutral,3
255252,394951483,2020-03-15 03:04:28 UTC,1,"Agree,Neutral",Agree,4,Neutral,3
256309,694925973,2020-03-15 02:57:56 UTC,1,"Agree,Neutral",Agree,4,Neutral,3
220411,965196515,2020-03-15 02:46:07 UTC,1,"Agree,Neutral",Agree,4,Neutral,3
251932,995049364,2020-03-15 02:38:28 UTC,1,"Agree,Neutral",Agree,4,Neutral,3
256930,351705151,2020-03-15 02:24:48 UTC,1,"Agree,Neutral",Agree,4,Neutral,3
258310,398098200,2020-03-15 01:59:41 UTC,1,"Agree,Neutral",Agree,4,Neutral,3
255536,243959672,2020-03-15 01:57:24 UTC,1,"Agree,Neutral",Agree,4,Neutral,3
168299,915071378,2020-03-15 01:21:01 UTC,1,"Agree,Neutral",Agree,4,Neutral,3
252510,779929439,2020-03-15 01:04:33 UTC,1,"Agree,Neutral",Agree,4,Neutral,3
255347,566237842,2020-03-15 00:33:17 UTC,1,"Agree,Neutral",Agree,4,Neutral,3
255977,677193926,2020-03-15 00:25:03 UTC,1,"Agree,Neutral",Agree,4,Neutral,3
246660,434313540,2020-03-15 00:04:52 UTC,1,"Agree,Neutral",Agree,4,Neutral,3
256608,544009347,2020-03-14 22:10:44 UTC,1,"Agree,Neutral",Agree,4,Neutral,3
258639,805027536,2020-03-14 11:34:19 UTC,1,"Agree,Neutral",Agree,4,Neutral,3
244998,221907863,2020-03-14 11:32:35 UTC,1,"Agree,Neutral",Agree,4,Neutral,3
254808,509444319,2020-03-14 11:15:57 UTC,1,"Agree,Neutral",Agree,4,Neutral,3
255429,796033394,2020-03-14 07:30:45 UTC,1,"Agree,Neutral",Agree,4,Neutral,3
262928,756904626,2020-03-14 07:09:24 UTC,1,"Agree,Neutral",Agree,4,Neutral,3
255101,712488333,2020-03-14 03:43:28 UTC,1,"Agree,Neutral",Agree,4,Neutral,3
251636,168133060,2020-03-14 02:45:43 UTC,1,"Agree,Neutral",Agree,4,Neutral,3
244332,122318481,2020-03-14 02:01:25 UTC,1,"Agree,Neutral",Agree,4,Neutral,3
215727,437463130,2020-03-13 01:02:36 UTC,1,"Agree,Neutral",Agree,4,Neutral,3
251042,652556698,2020-03-12 23:11:01 UTC,1,"Agree,Neutral",Agree,4,Neutral,3
250921,695961511,2020-03-12 11:45:24 UTC,1,"Agree,Neutral",Agree,4,Neutral,3
251649,994319414,2020-03-12 09:47:39 UTC,1,"Agree,Neutral",Agree,4,Neutral,3
267410,3915636,2020-03-15 14:28:18 UTC,1,"Agree,Strongly agree",Agree,4,Strongly agree,5
245647,902974586,2020-03-15 09:39:37 UTC,1,"Agree,Strongly agree",Agree,4,Strongly agree,5
260305,647270308,2020-03-15 07:52:49 UTC,1,"Agree,Strongly agree",Agree,4,Strongly agree,5
254559,482182039,2020-03-15 03:10:43 UTC,1,"Agree,Strongly agree",Agree,4,Strongly agree,5
250924,163052085,2020-03-14 22:57:04 UTC,1,"Agree,Strongly agree",Agree,4,Strongly agree,5
248730,901571339,2020-03-14 06:15:51 UTC,1,"Agree,Strongly agree",Agree,4,Strongly agree,5
248260,956494007,2020-03-14 02:45:34 UTC,1,"Agree,Strongly agree",Agree,4,Strongly agree,5
252620,516650110,2020-03-14 02:27:52 UTC,1,"Agree,Strongly agree",Agree,4,Strongly agree,5
256203,315153265,2020-03-15 18:51:38 UTC,1,"Disagree,Agree",Disagree,2,Agree,4
246771,619395605,2020-03-15 08:52:38 UTC,1,"Disagree,Agree",Disagree,2,Agree,4
259099,961433421,2020-03-15 07:31:50 UTC,1,"Disagree,Agree",Disagree,2,Agree,4
245060,717376015,2020-03-15 00:13:36 UTC,1,"Disagree,Agree",Disagree,2,Agree,4
162185,354396585,2020-03-14 07:00:19 UTC,1,"Disagree,Agree",Disagree,2,Agree,4
249292,744908240,2020-03-14 02:09:24 UTC,1,"Disagree,Agree",Disagree,2,Agree,4
258763,898106398,2020-03-12 07:30:27 UTC,1,"Disagree,Agree",Disagree,2,Agree,4
249171,919253908,2020-03-15 20:35:25 UTC,1,"Disagree,Disagree",Disagree,2,Disagree,2
254238,281821586,2020-03-15 20:33:44 UTC,1,"Disagree,Disagree",Disagree,2,Disagree,2
246055,346928836,2020-03-15 11:49:46 UTC,1,"Disagree,Disagree",Disagree,2,Disagree,2
255250,665236036,2020-03-15 10:50:56 UTC,1,"Disagree,Disagree",Disagree,2,Disagree,2
250343,685589779,2020-03-15 07:23:30 UTC,1,"Disagree,Disagree",Disagree,2,Disagree,2
256642,521954418,2020-03-15 04:09:33 UTC,1,"Disagree,Disagree",Disagree,2,Disagree,2
248916,730674236,2020-03-14 08:25:00 UTC,1,"Disagree,Disagree",Disagree,2,Disagree,2
253524,809991533,2020-03-14 03:05:15 UTC,1,"Disagree,Disagree",Disagree,2,Disagree,2
264745,506063545,2020-03-14 00:00:14 UTC,1,"Disagree,Disagree",Disagree,2,Disagree,2
250314,153432207,2020-03-13 21:41:40 UTC,1,"Disagree,Disagree",Disagree,2,Disagree,2
247545,678203962,2020-03-13 09:07:57 UTC,1,"Disagree,Disagree",Disagree,2,Disagree,2
257129,531987395,2020-03-13 07:08:26 UTC,1,"Disagree,Disagree",Disagree,2,Disagree,2
255479,795452306,2020-03-13 04:13:43 UTC,1,"Disagree,Disagree",Disagree,2,Disagree,2
218394,797961379,2020-03-12 19:45:58 UTC,1,"Disagree,Disagree",Disagree,2,Disagree,2
244547,164612240,2020-03-12 10:03:43 UTC,1,"Disagree,Disagree",Disagree,2,Disagree,2
254193,476738678,2020-03-12 07:17:39 UTC,1,"Disagree,Disagree",Disagree,2,Disagree,2
252326,172991324,2020-03-15 12:42:34 UTC,1,"Disagree,Neutral",Disagree,2,Neutral,3
258008,277715828,2020-03-15 08:09:12 UTC,1,"Disagree,Neutral",Disagree,2,Neutral,3
218322,889031347,2020-03-14 23:47:45 UTC,1,"Disagree,Neutral",Disagree,2,Neutral,3
258736,464376518,2020-03-14 05:48:17 UTC,1,"Disagree,Neutral",Disagree,2,Neutral,3
183177,138141465,2020-03-12 09:50:56 UTC,1,"Disagree,Neutral",Disagree,2,Neutral,3
254376,307048537,2020-03-15 08:37:05 UTC,1,"Disagree,Strongly agree",Disagree,2,Strongly agree,5
167340,613626913,2020-03-14 03:33:42 UTC,1,"Disagree,Strongly disagree",Disagree,2,Strongly disagree,1
253040,504556202,2020-03-15 20:50:34 UTC,1,"Neutral,Agree",Neutral,3,Agree,4
252295,689347961,2020-03-15 12:04:03 UTC,1,"Neutral,Agree",Neutral,3,Agree,4
261477,421424751,2020-03-15 10:55:17 UTC,1,"Neutral,Agree",Neutral,3,Agree,4
266679,315356134,2020-03-15 10:45:14 UTC,1,"Neutral,Agree",Neutral,3,Agree,4
254792,285681269,2020-03-15 10:40:44 UTC,1,"Neutral,Agree",Neutral,3,Agree,4
257792,820543651,2020-03-15 10:08:19 UTC,1,"Neutral,Agree",Neutral,3,Agree,4
252574,435750478,2020-03-15 10:02:56 UTC,1,"Neutral,Agree",Neutral,3,Agree,4
256532,668456739,2020-03-15 09:54:00 UTC,1,"Neutral,Agree",Neutral,3,Agree,4
267051,798077235,2020-03-15 08:39:39 UTC,1,"Neutral,Agree",Neutral,3,Agree,4
255133,857232355,2020-03-15 08:26:32 UTC,1,"Neutral,Agree",Neutral,3,Agree,4
221324,124315073,2020-03-15 08:05:32 UTC,1,"Neutral,Agree",Neutral,3,Agree,4
257640,418608074,2020-03-15 07:16:30 UTC,1,"Neutral,Agree",Neutral,3,Agree,4
244596,141510153,2020-03-15 04:19:24 UTC,1,"Neutral,Agree",Neutral,3,Agree,4
255504,302200077,2020-03-15 03:56:35 UTC,1,"Neutral,Agree",Neutral,3,Agree,4
248875,266999327,2020-03-15 03:11:23 UTC,1,"Neutral,Agree",Neutral,3,Agree,4
243657,801659640,2020-03-15 02:39:51 UTC,1,"Neutral,Agree",Neutral,3,Agree,4
243801,870181118,2020-03-14 22:43:16 UTC,1,"Neutral,Agree",Neutral,3,Agree,4
247062,336385313,2020-03-14 07:35:29 UTC,1,"Neutral,Agree",Neutral,3,Agree,4
252506,577974581,2020-03-14 06:52:47 UTC,1,"Neutral,Agree",Neutral,3,Agree,4
251952,296899087,2020-03-14 03:35:38 UTC,1,"Neutral,Agree",Neutral,3,Agree,4
253601,282318683,2020-03-14 01:30:33 UTC,1,"Neutral,Agree",Neutral,3,Agree,4
212711,781684792,2020-03-13 09:10:52 UTC,1,"Neutral,Agree",Neutral,3,Agree,4
253170,929391989,2020-03-13 07:44:14 UTC,1,"Neutral,Agree",Neutral,3,Agree,4
257828,833581390,2020-03-13 05:28:51 UTC,1,"Neutral,Agree",Neutral,3,Agree,4
128608,810509652,2020-03-13 01:40:03 UTC,1,"Neutral,Agree",Neutral,3,Agree,4
36244,362874073,2020-03-12 20:10:32 UTC,1,"Neutral,Agree",Neutral,3,Agree,4
261068,530171087,2020-03-15 10:29:03 UTC,1,"Neutral,Disagree",Neutral,3,Disagree,2
252785,599059157,2020-03-15 10:14:54 UTC,1,"Neutral,Disagree",Neutral,3,Disagree,2
251281,422272390,2020-03-15 07:53:48 UTC,1,"Neutral,Disagree",Neutral,3,Disagree,2
249932,589346291,2020-03-14 07:27:31 UTC,1,"Neutral,Disagree",Neutral,3,Disagree,2
262819,808569003,2020-03-14 04:42:39 UTC,1,"Neutral,Disagree",Neutral,3,Disagree,2
246382,259398582,2020-03-13 10:26:37 UTC,1,"Neutral,Disagree",Neutral,3,Disagree,2
241626,345321290,2020-03-15 20:38:18 UTC,1,"Neutral,Neutral",Neutral,3,Neutral,3
250142,445118105,2020-03-15 20:36:13 UTC,1,"Neutral,Neutral",Neutral,3,Neutral,3
256719,363965057,2020-03-15 20:30:19 UTC,1,"Neutral,Neutral",Neutral,3,Neutral,3
227159,394341220,2020-03-15 20:26:26 UTC,1,"Neutral,Neutral",Neutral,3,Neutral,3
233007,687996730,2020-03-15 20:07:54 UTC,1,"Neutral,Neutral",Neutral,3,Neutral,3
252017,907845476,2020-03-15 20:05:31 UTC,1,"Neutral,Neutral",Neutral,3,Neutral,3
207715,192027049,2020-03-15 19:19:53 UTC,1,"Neutral,Neutral",Neutral,3,Neutral,3
202068,915476930,2020-03-15 17:52:39 UTC,1,"Neutral,Neutral",Neutral,3,Neutral,3
270530,958103851,2020-03-15 12:26:44 UTC,1,"Neutral,Neutral",Neutral,3,Neutral,3
260070,482637291,2020-03-15 11:58:13 UTC,1,"Neutral,Neutral",Neutral,3,Neutral,3
222816,734732341,2020-03-15 11:49:41 UTC,1,"Neutral,Neutral",Neutral,3,Neutral,3
249374,151381631,2020-03-15 11:34:25 UTC,1,"Neutral,Neutral",Neutral,3,Neutral,3
260277,284476829,2020-03-15 11:33:10 UTC,1,"Neutral,Neutral",Neutral,3,Neutral,3
253201,577653913,2020-03-15 11:28:33 UTC,1,"Neutral,Neutral",Neutral,3,Neutral,3
254522,846312069,2020-03-15 11:26:37 UTC,1,"Neutral,Neutral",Neutral,3,Neutral,3
255763,421544542,2020-03-15 11:20:04 UTC,1,"Neutral,Neutral",Neutral,3,Neutral,3
266970,710645083,2020-03-15 10:28:25 UTC,1,"Neutral,Neutral",Neutral,3,Neutral,3
225417,121227262,2020-03-15 10:24:25 UTC,1,"Neutral,Neutral",Neutral,3,Neutral,3
258292,615115260,2020-03-15 10:00:00 UTC,1,"Neutral,Neutral",Neutral,3,Neutral,3
258152,411245979,2020-03-15 09:57:44 UTC,1,"Neutral,Neutral",Neutral,3,Neutral,3
258258,323760503,2020-03-15 09:40:00 UTC,1,"Neutral,Neutral",Neutral,3,Neutral,3
251144,389592893,2020-03-15 09:34:16 UTC,1,"Neutral,Neutral",Neutral,3,Neutral,3
256447,455593007,2020-03-15 09:34:02 UTC,1,"Neutral,Neutral",Neutral,3,Neutral,3
255494,143288234,2020-03-15 09:29:26 UTC,1,"Neutral,Neutral",Neutral,3,Neutral,3
212518,352955793,2020-03-15 09:24:43 UTC,1,"Neutral,Neutral",Neutral,3,Neutral,3
260033,848921247,2020-03-15 08:33:35 UTC,1,"Neutral,Neutral",Neutral,3,Neutral,3
258011,673607538,2020-03-15 07:19:11 UTC,1,"Neutral,Neutral",Neutral,3,Neutral,3
269189,507608754,2020-03-15 07:05:41 UTC,1,"Neutral,Neutral",Neutral,3,Neutral,3
260606,717768078,2020-03-15 07:03:23 UTC,1,"Neutral,Neutral",Neutral,3,Neutral,3
254812,426228442,2020-03-15 06:56:48 UTC,1,"Neutral,Neutral",Neutral,3,Neutral,3
253959,392827382,2020-03-15 06:56:33 UTC,1,"Neutral,Neutral",Neutral,3,Neutral,3
266904,626958722,2020-03-15 06:56:06 UTC,1,"Neutral,Neutral",Neutral,3,Neutral,3
234823,711092361,2020-03-15 06:36:41 UTC,1,"Neutral,Neutral",Neutral,3,Neutral,3
265062,819689202,2020-03-15 06:27:28 UTC,1,"Neutral,Neutral",Neutral,3,Neutral,3
254003,556039885,2020-03-15 06:25:59 UTC,1,"Neutral,Neutral",Neutral,3,Neutral,3
264412,848431280,2020-03-15 06:19:26 UTC,1,"Neutral,Neutral",Neutral,3,Neutral,3
164894,797842337,2020-03-15 06:03:31 UTC,1,"Neutral,Neutral",Neutral,3,Neutral,3
267898,875844777,2020-03-15 05:56:44 UTC,1,"Neutral,Neutral",Neutral,3,Neutral,3
263990,842836797,2020-03-15 05:38:53 UTC,1,"Neutral,Neutral",Neutral,3,Neutral,3
250584,505118794,2020-03-15 05:30:29 UTC,1,"Neutral,Neutral",Neutral,3,Neutral,3
258272,285238574,2020-03-15 05:12:33 UTC,1,"Neutral,Neutral",Neutral,3,Neutral,3
252185,140899574,2020-03-15 05:06:57 UTC,1,"Neutral,Neutral",Neutral,3,Neutral,3
234908,625593645,2020-03-15 05:04:07 UTC,1,"Neutral,Neutral",Neutral,3,Neutral,3
258586,661603089,2020-03-15 04:56:20 UTC,1,"Neutral,Neutral",Neutral,3,Neutral,3
263566,642805718,2020-03-15 04:53:32 UTC,1,"Neutral,Neutral",Neutral,3,Neutral,3
251146,793865908,2020-03-15 04:38:52 UTC,1,"Neutral,Neutral",Neutral,3,Neutral,3
222285,771527195,2020-03-15 04:34:39 UTC,1,"Neutral,Neutral",Neutral,3,Neutral,3
248213,786128314,2020-03-15 04:30:36 UTC,1,"Neutral,Neutral",Neutral,3,Neutral,3
248174,696296787,2020-03-15 04:16:33 UTC,1,"Neutral,Neutral",Neutral,3,Neutral,3
270197,699886774,2020-03-15 03:41:10 UTC,1,"Neutral,Neutral",Neutral,3,Neutral,3
161498,722223187,2020-03-15 03:27:57 UTC,1,"Neutral,Neutral",Neutral,3,Neutral,3
248513,869616639,2020-03-15 03:23:56 UTC,1,"Neutral,Neutral",Neutral,3,Neutral,3
253419,430397580,2020-03-15 03:23:19 UTC,1,"Neutral,Neutral",Neutral,3,Neutral,3
271132,585854221,2020-03-15 03:02:37 UTC,1,"Neutral,Neutral",Neutral,3,Neutral,3
169220,961517158,2020-03-15 02:55:58 UTC,1,"Neutral,Neutral",Neutral,3,Neutral,3
245957,975030439,2020-03-15 01:35:38 UTC,1,"Neutral,Neutral",Neutral,3,Neutral,3
256741,628239350,2020-03-15 00:43:54 UTC,1,"Neutral,Neutral",Neutral,3,Neutral,3
257680,232987571,2020-03-15 00:09:41 UTC,1,"Neutral,Neutral",Neutral,3,Neutral,3
255859,649508329,2020-03-14 23:27:09 UTC,1,"Neutral,Neutral",Neutral,3,Neutral,3
234439,2623324,2020-03-14 22:41:14 UTC,1,"Neutral,Neutral",Neutral,3,Neutral,3
245487,216204741,2020-03-14 22:33:33 UTC,1,"Neutral,Neutral",Neutral,3,Neutral,3
259511,696456803,2020-03-14 22:31:08 UTC,1,"Neutral,Neutral",Neutral,3,Neutral,3
255490,738340791,2020-03-14 22:11:16 UTC,1,"Neutral,Neutral",Neutral,3,Neutral,3
231416,454393301,2020-03-14 11:38:43 UTC,1,"Neutral,Neutral",Neutral,3,Neutral,3
250592,436044002,2020-03-14 09:43:14 UTC,1,"Neutral,Neutral",Neutral,3,Neutral,3
234903,800504938,2020-03-14 08:39:20 UTC,1,"Neutral,Neutral",Neutral,3,Neutral,3
251970,353222583,2020-03-14 08:32:18 UTC,1,"Neutral,Neutral",Neutral,3,Neutral,3
250642,112165821,2020-03-14 07:53:14 UTC,1,"Neutral,Neutral",Neutral,3,Neutral,3
246270,594801834,2020-03-14 07:30:22 UTC,1,"Neutral,Neutral",Neutral,3,Neutral,3
247654,898801913,2020-03-14 07:20:57 UTC,1,"Neutral,Neutral",Neutral,3,Neutral,3
253382,269153896,2020-03-14 07:02:05 UTC,1,"Neutral,Neutral",Neutral,3,Neutral,3
248735,870515843,2020-03-14 06:28:44 UTC,1,"Neutral,Neutral",Neutral,3,Neutral,3
248240,369093341,2020-03-14 05:26:31 UTC,1,"Neutral,Neutral",Neutral,3,Neutral,3
183053,928057503,2020-03-14 04:49:55 UTC,1,"Neutral,Neutral",Neutral,3,Neutral,3
249782,611759763,2020-03-14 04:33:03 UTC,1,"Neutral,Neutral",Neutral,3,Neutral,3
252519,506757889,2020-03-14 04:25:35 UTC,1,"Neutral,Neutral",Neutral,3,Neutral,3
232235,337089300,2020-03-14 04:25:34 UTC,1,"Neutral,Neutral",Neutral,3,Neutral,3
234669,215781985,2020-03-14 03:09:23 UTC,1,"Neutral,Neutral",Neutral,3,Neutral,3
267027,173059133,2020-03-14 02:50:28 UTC,1,"Neutral,Neutral",Neutral,3,Neutral,3
266653,525697092,2020-03-14 02:47:51 UTC,1,"Neutral,Neutral",Neutral,3,Neutral,3
246912,193154031,2020-03-14 02:43:57 UTC,1,"Neutral,Neutral",Neutral,3,Neutral,3
246507,315303614,2020-03-14 02:37:04 UTC,1,"Neutral,Neutral",Neutral,3,Neutral,3
244707,415563536,2020-03-14 01:03:45 UTC,1,"Neutral,Neutral",Neutral,3,Neutral,3
252868,301940233,2020-03-14 00:13:49 UTC,1,"Neutral,Neutral",Neutral,3,Neutral,3
256346,367953141,2020-03-13 23:20:35 UTC,1,"Neutral,Neutral",Neutral,3,Neutral,3
252131,224120038,2020-03-13 22:19:55 UTC,1,"Neutral,Neutral",Neutral,3,Neutral,3
253825,187608375,2020-03-13 21:28:12 UTC,1,"Neutral,Neutral",Neutral,3,Neutral,3
244378,923352743,2020-03-13 05:00:25 UTC,1,"Neutral,Neutral",Neutral,3,Neutral,3
256272,359377602,2020-03-13 03:43:57 UTC,1,"Neutral,Neutral",Neutral,3,Neutral,3
251004,433944287,2020-03-13 01:27:57 UTC,1,"Neutral,Neutral",Neutral,3,Neutral,3
216162,571631510,2020-03-13 01:25:08 UTC,1,"Neutral,Neutral",Neutral,3,Neutral,3
251029,569007110,2020-03-12 23:11:34 UTC,1,"Neutral,Neutral",Neutral,3,Neutral,3
254581,857004643,2020-03-12 23:10:39 UTC,1,"Neutral,Neutral",Neutral,3,Neutral,3
251395,664902207,2020-03-12 22:53:56 UTC,1,"Neutral,Neutral",Neutral,3,Neutral,3
256182,600808515,2020-03-12 10:34:18 UTC,1,"Neutral,Neutral",Neutral,3,Neutral,3
263928,624100183,2020-03-15 18:19:03 UTC,1,"Neutral,Strongly agree",Neutral,3,Strongly agree,5
254286,552289676,2020-03-14 07:48:48 UTC,1,"Neutral,Strongly disagree",Neutral,3,Strongly disagree,1
226475,570762506,2020-03-15 13:17:25 UTC,1,"Strongly agree,Agree",Strongly agree,5,Agree,4
252709,831273669,2020-03-15 11:12:57 UTC,1,"Strongly agree,Agree",Strongly agree,5,Agree,4
252873,467419507,2020-03-15 10:30:27 UTC,1,"Strongly agree,Agree",Strongly agree,5,Agree,4
267141,534741454,2020-03-15 09:41:55 UTC,1,"Strongly agree,Agree",Strongly agree,5,Agree,4
256679,258027130,2020-03-15 08:27:41 UTC,1,"Strongly agree,Agree",Strongly agree,5,Agree,4
256920,327098406,2020-03-15 08:14:51 UTC,1,"Strongly agree,Agree",Strongly agree,5,Agree,4
265950,969428563,2020-03-15 07:44:22 UTC,1,"Strongly agree,Agree",Strongly agree,5,Agree,4
269366,181122446,2020-03-15 06:21:54 UTC,1,"Strongly agree,Agree",Strongly agree,5,Agree,4
251933,177260491,2020-03-15 06:13:54 UTC,1,"Strongly agree,Agree",Strongly agree,5,Agree,4
252207,683842734,2020-03-15 05:39:12 UTC,1,"Strongly agree,Agree",Strongly agree,5,Agree,4
257150,427137526,2020-03-15 04:50:46 UTC,1,"Strongly agree,Agree",Strongly agree,5,Agree,4
257196,413181708,2020-03-15 04:26:34 UTC,1,"Strongly agree,Agree",Strongly agree,5,Agree,4
255139,695477535,2020-03-15 04:22:23 UTC,1,"Strongly agree,Agree",Strongly agree,5,Agree,4
245046,461813300,2020-03-15 01:58:31 UTC,1,"Strongly agree,Agree",Strongly agree,5,Agree,4
256402,823213455,2020-03-15 01:47:56 UTC,1,"Strongly agree,Agree",Strongly agree,5,Agree,4
264377,466683087,2020-03-15 00:31:12 UTC,1,"Strongly agree,Agree",Strongly agree,5,Agree,4
264747,735259867,2020-03-14 23:26:32 UTC,1,"Strongly agree,Agree",Strongly agree,5,Agree,4
257880,952594821,2020-03-14 23:08:56 UTC,1,"Strongly agree,Agree",Strongly agree,5,Agree,4
253851,403581489,2020-03-14 11:14:19 UTC,1,"Strongly agree,Agree",Strongly agree,5,Agree,4
264422,563087690,2020-03-14 08:07:26 UTC,1,"Strongly agree,Agree",Strongly agree,5,Agree,4
116395,630621292,2020-03-14 07:48:42 UTC,1,"Strongly agree,Agree",Strongly agree,5,Agree,4
253756,797605454,2020-03-14 06:29:36 UTC,1,"Strongly agree,Agree",Strongly agree,5,Agree,4
256072,485578514,2020-03-13 07:07:26 UTC,1,"Strongly agree,Agree",Strongly agree,5,Agree,4
222384,414462370,2020-03-12 06:01:43 UTC,1,"Strongly agree,Agree",Strongly agree,5,Agree,4
258330,613857869,2020-03-15 09:56:58 UTC,1,"Strongly agree,Neutral",Strongly agree,5,Neutral,3
249666,297467251,2020-03-15 08:43:52 UTC,1,"Strongly agree,Neutral",Strongly agree,5,Neutral,3
255988,167059002,2020-03-15 06:11:05 UTC,1,"Strongly agree,Neutral",Strongly agree,5,Neutral,3
254479,880552803,2020-03-15 01:05:30 UTC,1,"Strongly agree,Neutral",Strongly agree,5,Neutral,3
249900,709862523,2020-03-14 04:59:44 UTC,1,"Strongly agree,Neutral",Strongly agree,5,Neutral,3
242343,101897832,2020-03-15 18:14:23 UTC,1,"Strongly agree,Strongly agree",Strongly agree,5,Strongly agree,5
257918,317038738,2020-03-15 16:36:55 UTC,1,"Strongly agree,Strongly agree",Strongly agree,5,Strongly agree,5
196410,295813595,2020-03-15 15:22:06 UTC,1,"Strongly agree,Strongly agree",Strongly agree,5,Strongly agree,5
123754,628819021,2020-03-15 13:59:06 UTC,1,"Strongly agree,Strongly agree",Strongly agree,5,Strongly agree,5
245817,383579300,2020-03-15 11:15:44 UTC,1,"Strongly agree,Strongly agree",Strongly agree,5,Strongly agree,5
251710,798801508,2020-03-15 11:05:44 UTC,1,"Strongly agree,Strongly agree",Strongly agree,5,Strongly agree,5
257658,142022098,2020-03-15 10:44:10 UTC,1,"Strongly agree,Strongly agree",Strongly agree,5,Strongly agree,5
254521,962113956,2020-03-15 10:15:19 UTC,1,"Strongly agree,Strongly agree",Strongly agree,5,Strongly agree,5
241960,183928988,2020-03-15 10:11:41 UTC,1,"Strongly agree,Strongly agree",Strongly agree,5,Strongly agree,5
272241,826414463,2020-03-15 09:52:41 UTC,1,"Strongly agree,Strongly agree",Strongly agree,5,Strongly agree,5
227914,460465839,2020-03-15 09:49:45 UTC,1,"Strongly agree,Strongly agree",Strongly agree,5,Strongly agree,5
254217,956411594,2020-03-15 09:48:18 UTC,1,"Strongly agree,Strongly agree",Strongly agree,5,Strongly agree,5
232164,562752201,2020-03-15 09:46:18 UTC,1,"Strongly agree,Strongly agree",Strongly agree,5,Strongly agree,5
248604,720096954,2020-03-15 09:43:01 UTC,1,"Strongly agree,Strongly agree",Strongly agree,5,Strongly agree,5
206556,495706241,2020-03-15 09:42:42 UTC,1,"Strongly agree,Strongly agree",Strongly agree,5,Strongly agree,5
249748,893113548,2020-03-15 09:39:24 UTC,1,"Strongly agree,Strongly agree",Strongly agree,5,Strongly agree,5
247004,864726839,2020-03-15 09:28:29 UTC,1,"Strongly agree,Strongly agree",Strongly agree,5,Strongly agree,5
254614,742458608,2020-03-15 09:04:22 UTC,1,"Strongly agree,Strongly agree",Strongly agree,5,Strongly agree,5
245231,946468701,2020-03-15 09:01:41 UTC,1,"Strongly agree,Strongly agree",Strongly agree,5,Strongly agree,5
258677,383143595,2020-03-15 08:58:06 UTC,1,"Strongly agree,Strongly agree",Strongly agree,5,Strongly agree,5
226900,550612636,2020-03-15 08:55:25 UTC,1,"Strongly agree,Strongly agree",Strongly agree,5,Strongly agree,5
247168,463667815,2020-03-15 08:39:05 UTC,1,"Strongly agree,Strongly agree",Strongly agree,5,Strongly agree,5
252138,435233075,2020-03-15 08:38:46 UTC,1,"Strongly agree,Strongly agree",Strongly agree,5,Strongly agree,5
266296,919664576,2020-03-15 08:33:42 UTC,1,"Strongly agree,Strongly agree",Strongly agree,5,Strongly agree,5
249943,122911728,2020-03-15 08:32:01 UTC,1,"Strongly agree,Strongly agree",Strongly agree,5,Strongly agree,5
213318,286504846,2020-03-15 08:30:59 UTC,1,"Strongly agree,Strongly agree",Strongly agree,5,Strongly agree,5
207660,636318120,2020-03-15 08:14:23 UTC,1,"Strongly agree,Strongly agree",Strongly agree,5,Strongly agree,5
245079,920527739,2020-03-15 06:49:26 UTC,1,"Strongly agree,Strongly agree",Strongly agree,5,Strongly agree,5
261220,873762030,2020-03-15 06:04:57 UTC,1,"Strongly agree,Strongly agree",Strongly agree,5,Strongly agree,5
247926,204301149,2020-03-15 06:01:22 UTC,1,"Strongly agree,Strongly agree",Strongly agree,5,Strongly agree,5
251555,444306176,2020-03-15 05:50:58 UTC,1,"Strongly agree,Strongly agree",Strongly agree,5,Strongly agree,5
208862,476742386,2020-03-15 04:58:01 UTC,1,"Strongly agree,Strongly agree",Strongly agree,5,Strongly agree,5
255773,714415349,2020-03-15 04:28:15 UTC,1,"Strongly agree,Strongly agree",Strongly agree,5,Strongly agree,5
233476,672823175,2020-03-15 04:02:43 UTC,1,"Strongly agree,Strongly agree",Strongly agree,5,Strongly agree,5
250907,890411849,2020-03-15 03:27:29 UTC,1,"Strongly agree,Strongly agree",Strongly agree,5,Strongly agree,5
253635,811567424,2020-03-15 02:32:11 UTC,1,"Strongly agree,Strongly agree",Strongly agree,5,Strongly agree,5
251149,914100413,2020-03-15 02:13:03 UTC,1,"Strongly agree,Strongly agree",Strongly agree,5,Strongly agree,5
258675,637333664,2020-03-15 02:04:31 UTC,1,"Strongly agree,Strongly agree",Strongly agree,5,Strongly agree,5
246204,941890166,2020-03-15 01:40:04 UTC,1,"Strongly agree,Strongly agree",Strongly agree,5,Strongly agree,5
201190,291750267,2020-03-15 01:35:56 UTC,1,"Strongly agree,Strongly agree",Strongly agree,5,Strongly agree,5
250572,639879703,2020-03-15 01:35:43 UTC,1,"Strongly agree,Strongly agree",Strongly agree,5,Strongly agree,5
222908,410039321,2020-03-15 01:27:53 UTC,1,"Strongly agree,Strongly agree",Strongly agree,5,Strongly agree,5
258737,862342495,2020-03-15 01:12:30 UTC,1,"Strongly agree,Strongly agree",Strongly agree,5,Strongly agree,5
245526,581173664,2020-03-15 00:59:48 UTC,1,"Strongly agree,Strongly agree",Strongly agree,5,Strongly agree,5
252247,563019503,2020-03-15 00:21:34 UTC,1,"Strongly agree,Strongly agree",Strongly agree,5,Strongly agree,5
129581,846854394,2020-03-15 00:20:35 UTC,1,"Strongly agree,Strongly agree",Strongly agree,5,Strongly agree,5
247597,107890076,2020-03-14 23:40:17 UTC,1,"Strongly agree,Strongly agree",Strongly agree,5,Strongly agree,5
252394,601936324,2020-03-14 23:18:58 UTC,1,"Strongly agree,Strongly agree",Strongly agree,5,Strongly agree,5
257674,613614998,2020-03-14 23:18:03 UTC,1,"Strongly agree,Strongly agree",Strongly agree,5,Strongly agree,5
226230,227206654,2020-03-14 22:58:35 UTC,1,"Strongly agree,Strongly agree",Strongly agree,5,Strongly agree,5
241934,262160188,2020-03-14 22:35:53 UTC,1,"Strongly agree,Strongly agree",Strongly agree,5,Strongly agree,5
252993,912017173,2020-03-14 20:28:03 UTC,1,"Strongly agree,Strongly agree",Strongly agree,5,Strongly agree,5
237560,378695272,2020-03-14 13:49:08 UTC,1,"Strongly agree,Strongly agree",Strongly agree,5,Strongly agree,5
263993,729380054,2020-03-14 09:41:34 UTC,1,"Strongly agree,Strongly agree",Strongly agree,5,Strongly agree,5
252580,888873120,2020-03-14 08:29:34 UTC,1,"Strongly agree,Strongly agree",Strongly agree,5,Strongly agree,5
261428,473264075,2020-03-14 04:21:42 UTC,1,"Strongly agree,Strongly agree",Strongly agree,5,Strongly agree,5
247416,929666962,2020-03-14 04:08:34 UTC,1,"Strongly agree,Strongly agree",Strongly agree,5,Strongly agree,5
258971,628421945,2020-03-14 03:12:57 UTC,1,"Strongly agree,Strongly agree",Strongly agree,5,Strongly agree,5
249478,784887018,2020-03-14 03:08:19 UTC,1,"Strongly agree,Strongly agree",Strongly agree,5,Strongly agree,5
249148,935316133,2020-03-14 02:01:15 UTC,1,"Strongly agree,Strongly agree",Strongly agree,5,Strongly agree,5
215829,535169533,2020-03-14 01:53:47 UTC,1,"Strongly agree,Strongly agree",Strongly agree,5,Strongly agree,5
241387,367677605,2020-03-14 01:21:53 UTC,1,"Strongly agree,Strongly agree",Strongly agree,5,Strongly agree,5
218079,985103822,2020-03-14 00:44:37 UTC,1,"Strongly agree,Strongly agree",Strongly agree,5,Strongly agree,5
258657,238179567,2020-03-14 00:19:40 UTC,1,"Strongly agree,Strongly agree",Strongly agree,5,Strongly agree,5
208917,802032909,2020-03-14 00:00:42 UTC,1,"Strongly agree,Strongly agree",Strongly agree,5,Strongly agree,5
252496,417304423,2020-03-13 22:33:57 UTC,1,"Strongly agree,Strongly agree",Strongly agree,5,Strongly agree,5
266776,365232711,2020-03-13 10:59:05 UTC,1,"Strongly agree,Strongly agree",Strongly agree,5,Strongly agree,5
249140,658595524,2020-03-13 09:19:21 UTC,1,"Strongly agree,Strongly agree",Strongly agree,5,Strongly agree,5
238760,385201875,2020-03-13 02:53:18 UTC,1,"Strongly agree,Strongly agree",Strongly agree,5,Strongly agree,5
256924,822147134,2020-03-13 02:18:12 UTC,1,"Strongly agree,Strongly agree",Strongly agree,5,Strongly agree,5
221345,548037038,2020-03-12 23:20:15 UTC,1,"Strongly agree,Strongly agree",Strongly agree,5,Strongly agree,5
126146,925620692,2020-03-12 22:51:35 UTC,1,"Strongly agree,Strongly agree",Strongly agree,5,Strongly agree,5
244943,161978642,2020-03-12 22:46:13 UTC,1,"Strongly agree,Strongly agree",Strongly agree,5,Strongly agree,5
247707,383560858,2020-03-12 22:40:10 UTC,1,"Strongly agree,Strongly agree",Strongly agree,5,Strongly agree,5
218020,749996243,2020-03-12 21:53:16 UTC,1,"Strongly agree,Strongly agree",Strongly agree,5,Strongly agree,5
247902,344016550,2020-03-12 09:34:10 UTC,1,"Strongly agree,Strongly agree",Strongly agree,5,Strongly agree,5
238652,533045115,2020-03-12 07:47:58 UTC,1,"Strongly agree,Strongly agree",Strongly agree,5,Strongly agree,5
263332,130296833,2020-03-12 07:45:33 UTC,1,"Strongly agree,Strongly agree",Strongly agree,5,Strongly agree,5
255741,392631419,2020-03-12 06:59:29 UTC,1,"Strongly agree,Strongly agree",Strongly agree,5,Strongly agree,5
85899,317284058,2020-03-15 09:20:22 UTC,1,"Strongly disagree,Agree",Strongly disagree,1,Agree,4
252745,933278241,2020-03-15 09:57:06 UTC,1,"Strongly disagree,Disagree",Strongly disagree,1,Disagree,2
255269,570179505,2020-03-12 07:17:37 UTC,1,"Strongly disagree,Disagree",Strongly disagree,1,Disagree,2
246134,665690116,2020-03-15 12:45:01 UTC,1,"Strongly disagree,Strongly disagree",Strongly disagree,1,Strongly disagree,1
269808,740854011,2020-03-15 12:20:05 UTC,1,"Strongly disagree,Strongly disagree",Strongly disagree,1,Strongly disagree,1
252216,367222939,2020-03-15 07:01:02 UTC,1,"Strongly disagree,Strongly disagree",Strongly disagree,1,Strongly disagree,1
32557,219006556,2020-03-15 03:42:48 UTC,1,"Strongly disagree,Strongly disagree",Strongly disagree,1,Strongly disagree,1
63316,1532877,2020-03-14 19:24:47 UTC,1,"Strongly disagree,Strongly disagree",Strongly disagree,1,Strongly disagree,1
251234,452830205,2020-03-14 09:25:03 UTC,1,"Strongly disagree,Strongly disagree",Strongly disagree,1,Strongly disagree,1
254266,311994446,2020-03-14 08:02:59 UTC,1,"Strongly disagree,Strongly disagree",Strongly disagree,1,Strongly disagree,1
253650,513986989,2020-03-14 05:41:54 UTC,1,"Strongly disagree,Strongly disagree",Strongly disagree,1,Strongly disagree,1