id,sis_id,pre_iso_ortho_gs_response,pre_iso_ortho_gs_score,pre_ortho_iso_gs_response,pre_ortho_iso_gs_score,pre_iso_ortho_hz_response,pre_iso_ortho_hz_score,pre_iso_ortho_hz_front_response,pre_iso_ortho_hz_front_score,pre_iso_ortho_hz_top_response,pre_iso_ortho_hz_top_score,pre_ortho_iso_hz_response,pre_ortho_iso_hz_score,pre_total_score,pre_total_split_score,post_iso_ortho_gs_response,post_iso_ortho_gs_score,post_ortho_iso_gs_response,post_ortho_iso_gs_score,post_iso_ortho_hz_response,post_iso_ortho_hz_score,post_iso_ortho_hz_front_response,post_iso_ortho_hz_front_score,post_iso_ortho_hz_top_response,post_iso_ortho_hz_top_score,post_ortho_iso_hz_response,post_ortho_iso_hz_score,post_total_score,post_total_split_score,pre_post_total_score_diff,pre_post_total_split_score_diff
252131,224120038,B,0,A,0,"B,M",0,B,0,M,1,L,0,0,1,A,0,C,0,"A,N",0,A,0,N,1,C,0,0,1,0,0
266909,405804922,C,0,B,1,"A,M",0,A,0,M,1,J,0,1,2,A,0,B,0,"B,O",0,B,0,O,0,D,0,0,0,-1,-2
207660,636318120,D,1,C,0,"B,M",0,B,0,M,1,D,0,1,2,C,0,B,0,"D,N",0,D,0,N,1,D,0,0,1,-1,-1
266904,626958722,C,0,B,1,"G,N",0,G,0,N,0,D,0,1,1,C,0,B,0,"I,N",0,I,0,N,1,L,0,0,1,-1,0
265062,819689202,C,0,D,0,"G,M",0,G,0,M,1,G,1,1,2,C,0,C,0,"E,M",0,E,0,M,0,C,0,0,0,-1,-2
248513,869616639,C,0,A,0,"B,M",0,B,0,M,1,G,1,1,2,C,0,C,0,"A,N",0,A,0,N,1,D,0,0,1,-1,-1
260070,482637291,D,1,D,0,"G,M",0,G,0,M,1,G,1,2,3,C,0,B,0,"G,O",0,G,1,O,0,F,0,0,1,-2,-2
239274,787271016,D,1,B,1,"E,M",1,E,1,M,1,B,0,3,4,D,0,C,0,"E,N",0,E,0,N,1,F,0,0,1,-3,-3
257824,699756822,D,1,A,0,"E,M",1,E,1,M,1,G,1,3,4,A,0,A,0,"A,M",0,A,0,M,0,A,0,0,0,-3,-4
230406,311793062,D,1,B,1,"A,M",0,A,0,M,1,G,1,3,4,C,0,A,0,"B,M",0,B,0,M,0,B,0,0,0,-3,-4
249478,784887018,D,1,B,1,"B,M",0,B,0,M,1,G,1,3,4,A,0,C,0,"B,N",0,B,0,N,1,A,0,0,1,-3,-3
255053,524829348,D,1,B,1,"E,M",1,E,1,M,1,G,1,4,5,D,0,B,0,"B,M",0,B,0,M,0,C,0,0,0,-4,-5
201473,431427358,D,1,B,1,"E,M",1,E,1,M,1,G,1,4,5,D,0,C,0,"C,N",0,C,0,N,1,C,0,0,1,-4,-4
252138,435233075,D,1,B,1,"E,M",1,E,1,M,1,G,1,4,5,C,0,C,0,"F,N",0,F,0,N,1,E,0,0,1,-4,-4
258011,673607538,D,1,B,1,"E,M",1,E,1,M,1,G,1,4,5,A,0,C,0,"E,O",0,E,0,O,0,D,0,0,0,-4,-5
258310,398098200,D,1,B,1,"E,M",1,E,1,M,1,G,1,4,5,A,0,A,0,"A,M",0,A,0,M,0,A,0,0,0,-4,-5
258409,741924400,D,1,B,1,"E,M",1,E,1,M,1,G,1,4,5,A,0,B,0,"C,O",0,C,0,O,0,F,0,0,0,-4,-5
183053,928057503,D,1,B,1,"E,M",1,E,1,M,1,G,1,4,5,C,0,C,0,"D,N",0,D,0,N,1,D,0,0,1,-4,-4
256346,367953141,D,1,B,1,"E,M",1,E,1,M,1,G,1,4,5,D,0,C,0,"E,M",0,E,0,M,0,G,0,0,0,-4,-5
253825,187608375,A,0,C,0,"A,N",0,A,0,N,0,B,0,0,0,B,1,B,0,"D,O",0,D,0,O,0,C,0,1,1,1,1
260673,393057172,D,1,D,0,"B,M",0,B,0,M,1,C,0,1,2,D,0,A,0,"I,O",0,I,0,O,0,H,1,1,1,0,-1
251575,732528849,A,0,B,1,"B,M",0,B,0,M,1,K,0,1,2,D,0,D,1,"B,N",0,B,0,N,1,C,0,1,2,0,0
169220,961517158,A,0,B,1,"A,M",0,A,0,M,1,B,0,1,2,C,0,D,1,"A,M",0,A,0,M,0,E,0,1,1,0,-1
252506,577974581,A,0,A,0,"E,M",1,E,1,M,1,C,0,1,2,D,0,C,0,"G,N",1,G,1,N,1,K,0,1,2,0,0
246134,665690116,A,0,B,1,"G,M",0,G,0,M,1,G,1,2,3,D,0,D,1,"C,N",0,C,0,N,1,F,0,1,2,-1,-1
258008,277715828,C,0,B,1,"G,M",0,G,0,M,1,G,1,2,3,C,0,B,0,"D,N",0,D,0,N,1,H,1,1,2,-1,-1
251812,679548348,D,1,D,0,"B,M",0,B,0,M,1,G,1,2,3,D,0,C,0,"B,N",0,B,0,N,1,H,1,1,2,-1,-1
250343,685589779,D,1,C,0,"B,M",0,B,0,M,1,G,1,2,3,C,0,D,1,"J,N",0,J,0,N,1,D,0,1,2,-1,-1
250642,112165821,D,1,B,1,"H,N",0,H,0,N,0,J,0,2,2,B,1,C,0,"I,O",0,I,0,O,0,G,0,1,1,-1,-1
251636,168133060,C,0,B,1,"E,M",1,E,1,M,1,L,0,2,3,D,0,D,1,"I,O",0,I,0,O,0,K,0,1,1,-1,-2
266970,710645083,D,1,B,1,"B,M",0,B,0,M,1,G,1,3,4,B,1,C,0,"H,O",0,H,0,O,0,C,0,1,1,-2,-3
255133,857232355,D,1,B,1,"E,M",1,E,1,M,1,B,0,3,4,B,1,B,0,"J,N",0,J,0,N,1,F,0,1,2,-2,-2
246367,786416359,D,1,B,1,"B,M",0,B,0,M,1,G,1,3,4,B,1,B,0,"C,O",0,C,0,O,0,G,0,1,1,-2,-3
259031,611262247,D,1,B,1,"B,M",0,B,0,M,1,G,1,3,4,D,0,D,1,"E,M",0,E,0,M,0,I,0,1,1,-2,-3
245712,791645535,D,1,B,1,"I,M",0,I,0,M,1,G,1,3,4,A,0,C,0,"B,N",0,B,0,N,1,H,1,1,2,-2,-2
260601,435741846,C,0,B,1,"E,M",1,E,1,M,1,G,1,3,4,D,0,D,1,"D,N",0,D,0,N,1,L,0,1,2,-2,-2
249782,611759763,D,1,B,1,"G,M",0,G,0,M,1,G,1,3,4,B,1,,0,,0,,0,,0,,0,1,1,-2,-3
252017,907845476,D,1,B,1,"E,M",1,E,1,M,1,G,1,4,5,C,0,B,0,"E,N",0,E,0,N,1,H,1,1,2,-3,-3
254217,956411594,D,1,B,1,"E,M",1,E,1,M,1,G,1,4,5,B,1,C,0,"E,N",0,E,0,N,1,G,0,1,2,-3,-3
254003,556039885,D,1,B,1,"E,M",1,E,1,M,1,G,1,4,5,C,0,D,1,"F,O",0,F,0,O,0,D,0,1,1,-3,-4
208742,703006726,D,1,B,1,"E,M",1,E,1,M,1,G,1,4,5,D,0,D,1,"B,N",0,B,0,N,1,I,0,1,2,-3,-3
250592,436044002,D,1,B,1,"E,M",1,E,1,M,1,G,1,4,5,C,0,A,0,"C,M",0,C,0,M,0,H,1,1,1,-3,-4
247545,678203962,D,1,B,1,"E,M",1,E,1,M,1,G,1,4,5,D,0,D,1,"J,O",0,J,0,O,0,I,0,1,1,-3,-4
269808,740854011,A,0,C,0,"A,N",0,A,0,N,0,B,0,0,0,B,1,D,1,"D,N",0,D,0,N,1,F,0,2,3,2,3
267051,798077235,B,0,C,0,"A,M",0,A,0,M,1,B,0,0,1,A,0,D,1,"H,M",0,H,0,M,0,H,1,2,2,2,1
253703,139396881,C,0,A,0,"B,M",0,B,0,M,1,G,1,1,2,C,0,C,0,"G,N",1,G,1,N,1,H,1,2,3,1,1
250182,583960629,D,1,C,0,"J,M",0,J,0,M,1,E,0,1,2,B,1,A,0,"F,N",0,F,0,N,1,H,1,2,3,1,1
255490,738340791,A,0,D,0,"B,M",0,B,0,M,1,G,1,1,2,D,0,D,1,"E,N",0,E,0,N,1,H,1,2,3,1,1
253650,513986989,C,0,B,1,"G,M",0,G,0,M,1,D,0,1,2,B,1,D,1,"E,N",0,E,0,N,1,E,0,2,3,1,1
255101,712488333,A,0,D,0,"G,M",0,G,0,M,1,G,1,1,2,B,1,D,1,"B,N",0,B,0,N,1,I,0,2,3,1,1
252326,172991324,C,0,B,1,"A,M",0,A,0,M,1,G,1,2,3,D,0,D,1,"B,N",0,B,0,N,1,H,1,2,3,0,0
255494,143288234,D,1,A,0,"G,M",0,G,0,M,1,G,1,2,3,B,1,D,1,,0,,0,,0,,0,2,2,0,-1
254812,426228442,A,0,B,1,"B,M",0,B,0,M,1,G,1,2,3,D,0,D,1,"E,N",0,E,0,N,1,H,1,2,3,0,0
234908,625593645,A,0,C,0,"E,M",1,E,1,M,1,G,1,2,3,C,0,D,1,"E,N",0,E,0,N,1,H,1,2,3,0,0
255977,677193926,C,0,B,1,"B,M",0,B,0,M,1,G,1,2,3,D,0,D,1,"B,N",0,B,0,N,1,H,1,2,3,0,0
218322,889031347,A,0,B,1,"E,M",1,E,1,M,1,A,0,2,3,D,0,C,0,"G,N",1,G,1,N,1,H,1,2,3,0,0
253524,809991533,B,0,B,1,"G,M",0,G,0,M,1,G,1,2,3,A,0,D,1,"E,N",0,E,0,N,1,H,1,2,3,0,0
241626,345321290,D,1,B,1,"B,M",0,B,0,M,1,G,1,3,4,B,1,C,0,"I,N",0,I,0,N,1,H,1,2,3,-1,-1
246055,346928836,D,1,B,1,"E,M",1,E,1,M,1,J,0,3,4,B,1,D,1,"H,N",0,H,0,N,1,I,0,2,3,-1,-1
222816,734732341,C,0,B,1,"E,M",1,E,1,M,1,G,1,3,4,A,0,D,1,"E,N",0,E,0,N,1,H,1,2,3,-1,-1
260277,284476829,D,1,B,1,"G,M",0,G,0,M,1,G,1,3,4,B,1,D,1,"E,N",0,E,0,N,1,L,0,2,3,-1,-1
257883,728381979,D,1,B,1,"C,M",0,C,0,M,1,G,1,3,4,B,1,B,0,"E,N",0,E,0,N,1,H,1,2,3,-1,-1
252574,435750478,D,1,B,1,"H,M",0,H,0,M,1,G,1,3,4,A,0,D,1,"I,N",0,I,0,N,1,H,1,2,3,-1,-1
267204,724476575,A,0,B,1,"E,M",1,E,1,M,1,G,1,3,4,B,1,D,1,"E,M",0,E,0,M,0,I,0,2,2,-1,-2
251281,422272390,D,1,B,1,"B,O",0,B,0,O,0,G,1,3,3,B,1,D,1,"E,N",0,E,0,N,1,F,0,2,3,-1,0
208862,476742386,D,1,B,1,"G,M",0,G,0,M,1,G,1,3,4,D,0,D,1,"G,M",0,G,1,M,0,H,1,2,3,-1,-1
253419,430397580,A,0,B,1,"E,M",1,E,1,M,1,G,1,3,4,D,0,D,1,"I,N",0,I,0,N,1,H,1,2,3,-1,-1
248419,586283870,D,1,B,1,"C,M",0,C,0,M,1,G,1,3,4,C,0,D,1,"B,N",0,B,0,N,1,H,1,2,3,-1,-1
63316,1532877,D,1,B,1,"J,M",0,J,0,M,1,G,1,3,4,D,0,D,1,"G,M",0,G,1,M,0,H,1,2,3,-1,-1
252162,958291704,D,1,B,1,"K,M",0,K,0,M,1,G,1,3,4,D,0,D,1,"E,N",0,E,0,N,1,H,1,2,3,-1,-1
251029,569007110,D,1,B,1,"E,M",1,E,1,M,1,J,0,3,4,B,1,D,1,"B,N",0,B,0,N,1,I,0,2,3,-1,-1
218394,797961379,D,1,B,1,"G,M",0,G,0,M,1,G,1,3,4,B,1,D,1,"B,N",0,B,0,N,1,F,0,2,3,-1,-1
247902,344016550,C,0,B,1,"E,M",1,E,1,M,1,G,1,3,4,D,0,D,1,"D,N",0,D,0,N,1,H,1,2,3,-1,-1
255269,570179505,D,1,B,1,"C,M",0,C,0,M,1,G,1,3,4,B,1,A,0,"I,O",0,I,0,O,0,H,1,2,2,-1,-2
255763,421544542,D,1,B,1,"E,M",1,E,1,M,1,G,1,4,5,B,1,D,1,N,0,,0,,0,,0,2,2,-2,-3
266603,736846465,D,1,B,1,"E,M",1,E,1,M,1,G,1,4,5,B,1,A,0,"H,O",0,H,0,O,0,H,1,2,2,-2,-3
252709,831273669,D,1,B,1,"E,M",1,E,1,M,1,G,1,4,5,B,1,D,1,"J,N",0,J,0,N,1,E,0,2,3,-2,-2
255227,998895021,D,1,B,1,"E,M",1,E,1,M,1,G,1,4,5,B,1,D,1,"I,N",0,I,0,N,1,I,0,2,3,-2,-2
243775,960686259,D,1,B,1,"E,M",1,E,1,M,1,G,1,4,5,B,1,D,1,"G,M",0,G,1,M,0,I,0,2,3,-2,-2
259099,961433421,D,1,B,1,"E,M",1,E,1,M,1,G,1,4,5,D,0,D,1,"E,N",0,E,0,N,1,H,1,2,3,-2,-2
247926,204301149,D,1,B,1,"E,M",1,E,1,M,1,G,1,4,5,B,1,D,1,"B,N",0,B,0,N,1,E,0,2,3,-2,-2
251161,258474096,D,1,B,1,"E,M",1,E,1,M,1,G,1,4,5,B,1,C,0,"G,M",0,G,1,M,0,H,1,2,3,-2,-2
223769,162490147,D,1,B,1,"E,M",1,E,1,M,1,G,1,4,5,D,0,D,1,"I,N",0,I,0,N,1,H,1,2,3,-2,-2
251149,914100413,D,1,B,1,"E,M",1,E,1,M,1,G,1,4,5,B,1,D,1,"E,O",0,E,0,O,0,D,0,2,2,-2,-3
253851,403581489,D,1,B,1,"E,M",1,E,1,M,1,G,1,4,5,D,0,D,1,"E,N",0,E,0,N,1,H,1,2,3,-2,-2
268414,512163833,D,1,B,1,"E,M",1,E,1,M,1,G,1,4,5,D,0,D,1,"G,M",0,G,1,M,0,H,1,2,3,-2,-2
249922,739162050,D,1,B,1,"E,M",1,E,1,M,1,G,1,4,5,D,0,D,1,"I,N",0,I,0,N,1,H,1,2,3,-2,-2
252519,506757889,D,1,B,1,"E,M",1,E,1,M,1,G,1,4,5,B,1,D,1,"D,O",0,D,0,O,0,C,0,2,2,-2,-3
266653,525697092,D,1,B,1,"E,M",1,E,1,M,1,G,1,4,5,A,0,D,1,"L,N",0,L,0,N,1,H,1,2,3,-2,-2
247418,459733963,D,1,B,1,"E,M",1,E,1,M,1,G,1,4,5,B,1,C,0,"E,N",0,E,0,N,1,H,1,2,3,-2,-2
216162,571631510,D,1,B,1,"E,M",1,E,1,M,1,G,1,4,5,D,0,D,1,"G,M",0,G,1,M,0,H,1,2,3,-2,-2
256203,315153265,B,0,D,0,"D,M",0,D,0,M,1,D,0,0,1,A,0,D,1,"G,N",1,G,1,N,1,H,1,3,4,3,3
249374,151381631,A,0,B,1,"B,M",0,B,0,M,1,F,0,1,2,B,1,D,1,"I,N",0,I,0,N,1,H,1,3,4,2,2
262928,756904626,A,0,B,1,"G,M",0,G,0,M,1,J,0,1,2,B,1,D,1,"I,N",0,I,0,N,1,H,1,3,4,2,2
256769,471403916,A,0,C,0,"G,M",0,G,0,M,1,G,1,1,2,B,1,D,1,"F,N",0,F,0,N,1,H,1,3,4,2,2
256272,359377602,A,0,D,0,"B,M",0,B,0,M,1,G,1,1,2,B,1,D,1,"I,N",0,I,0,N,1,H,1,3,4,2,2
256704,353972624,D,1,B,1,"G,M",0,G,0,M,1,J,0,2,3,B,1,D,1,"I,N",0,I,0,N,1,H,1,3,4,1,1
85899,317284058,A,0,B,1,"H,M",0,H,0,M,1,G,1,2,3,B,1,D,1,"B,N",0,B,0,N,1,H,1,3,4,1,1
259478,781080219,C,0,B,1,"G,M",0,G,0,M,1,G,1,2,3,D,0,D,1,"G,N",1,G,1,N,1,H,1,3,4,1,1
254376,307048537,D,1,A,0,"G,M",0,G,0,M,1,G,1,2,3,B,1,B,0,"G,N",1,G,1,N,1,H,1,3,4,1,1
202736,217100530,D,1,B,1,"B,M",0,B,0,M,1,C,0,2,3,B,1,D,1,"G,N",1,G,1,N,1,I,0,3,4,1,1
256642,521954418,D,1,B,1,"B,M",0,B,0,M,1,F,0,2,3,B,1,D,1,"E,O",0,E,0,O,0,H,1,3,3,1,0
255536,243959672,D,1,C,0,"B,M",0,B,0,M,1,G,1,2,3,B,1,D,1,"E,N",0,E,0,N,1,H,1,3,4,1,1
265612,987882313,A,0,B,1,"B,M",0,B,0,M,1,G,1,2,3,B,1,D,1,"I,N",0,I,0,N,1,H,1,3,4,1,1
251234,452830205,D,1,B,1,"C,M",0,C,0,M,1,F,0,2,3,B,1,D,1,"E,O",0,E,0,O,0,H,1,3,3,1,0
234903,800504938,D,1,A,0,"C,O",0,C,0,O,0,G,1,2,2,B,1,D,1,"I,O",0,I,0,O,0,H,1,3,3,1,1
254286,552289676,B,0,B,1,"G,M",0,G,0,M,1,G,1,2,3,B,1,D,1,"I,N",0,I,0,N,1,H,1,3,4,1,1
258736,464376518,D,1,D,0,"G,M",0,G,0,M,1,G,1,2,3,B,1,D,1,"G,M",0,G,1,M,0,H,1,3,4,1,1
256648,839332403,D,1,A,0,"G,M",0,G,0,M,1,G,1,2,3,B,1,D,1,"B,N",0,B,0,N,1,H,1,3,4,1,1
232235,337089300,A,0,C,0,"E,M",1,E,1,M,1,G,1,2,3,B,1,D,1,"I,O",0,I,0,O,0,H,1,3,3,1,0
212778,980468406,A,0,B,1,"B,M",0,B,0,M,1,G,1,2,3,B,1,D,1,"E,N",0,E,0,N,1,H,1,3,4,1,1
234669,215781985,C,0,B,1,"G,M",0,G,0,M,1,G,1,2,3,B,1,D,1,"I,N",0,I,0,N,1,H,1,3,4,1,1
235124,834872448,D,1,B,1,"B,M",0,B,0,M,1,K,0,2,3,B,1,D,1,"I,O",0,I,0,O,0,H,1,3,3,1,0
253170,929391989,A,0,D,0,"E,M",1,E,1,M,1,G,1,2,3,B,1,D,1,"G,M",0,G,1,M,0,H,1,3,4,1,1
256072,485578514,A,0,B,1,"E,N",0,E,1,N,0,G,1,2,3,B,1,D,1,"E,N",0,E,0,N,1,H,1,3,4,1,1
183177,138141465,A,0,C,0,"E,M",1,E,1,M,1,G,1,2,3,B,1,D,1,"E,N",0,E,0,N,1,H,1,3,4,1,1
252016,291922276,D,1,B,1,"G,M",0,G,0,M,1,F,0,2,3,B,1,D,1,"G,M",0,G,1,M,0,H,1,3,4,1,1
254338,335190637,D,1,B,1,"B,M",0,B,0,M,1,G,1,3,4,B,1,D,1,"E,N",0,E,0,N,1,H,1,3,4,0,0
256719,363965057,D,1,B,1,"C,M",0,C,0,M,1,G,1,3,4,D,0,D,1,"G,N",1,G,1,N,1,H,1,3,4,0,0
255540,569503958,D,1,B,1,"E,M",1,E,1,M,1,J,0,3,4,B,1,D,1,"I,N",0,I,0,N,1,H,1,3,4,0,0
168245,822838445,D,1,B,1,"B,M",0,B,0,M,1,G,1,3,4,B,1,D,1,"I,N",0,I,0,N,1,H,1,3,4,0,0
226475,570762506,D,1,B,1,"G,M",0,G,0,M,1,G,1,3,4,B,1,D,1,"E,N",0,E,0,N,1,H,1,3,4,0,0
270530,958103851,D,1,B,1,"B,M",0,B,0,M,1,G,1,3,4,B,1,D,1,"I,N",0,I,0,N,1,H,1,3,4,0,0
258228,999859815,D,1,B,1,"B,N",0,B,0,N,0,G,1,3,3,D,0,D,1,"G,N",1,G,1,N,1,H,1,3,4,0,1
252295,689347961,D,1,B,1,"I,M",0,I,0,M,1,G,1,3,4,B,1,D,1,"E,N",0,E,0,N,1,H,1,3,4,0,0
259574,399592117,D,1,B,1,"G,M",0,G,0,M,1,G,1,3,4,C,0,D,1,"G,N",1,G,1,N,1,H,1,3,4,0,0
265386,569139324,D,1,C,0,"E,M",1,E,1,M,1,G,1,3,4,D,0,D,1,"G,N",1,G,1,N,1,H,1,3,4,0,0
253201,577653913,D,1,B,1,"G,M",0,G,0,M,1,G,1,3,4,B,1,D,1,"I,O",0,I,0,O,0,H,1,3,3,0,-1
213923,419474653,D,1,B,1,"G,M",0,G,0,M,1,G,1,3,4,B,1,D,1,"I,N",0,I,0,N,1,H,1,3,4,0,0
261477,421424751,D,1,B,1,"B,M",0,B,0,M,1,G,1,3,4,B,1,D,1,"E,N",0,E,0,N,1,H,1,3,4,0,0
261068,530171087,D,1,B,1,"G,M",0,G,0,M,1,G,1,3,4,B,1,D,1,"I,N",0,I,0,N,1,H,1,3,4,0,0
225808,934041262,D,1,B,1,"B,M",0,B,0,M,1,G,1,3,4,A,0,D,1,"G,N",1,G,1,N,1,H,1,3,4,0,0
251023,453112680,D,1,B,1,"B,M",0,B,0,M,1,G,1,3,4,B,1,D,1,"I,N",0,I,0,N,1,H,1,3,4,0,0
258152,411245979,D,1,B,1,"B,M",0,B,0,M,1,G,1,3,4,B,1,D,1,"B,N",0,B,0,N,1,H,1,3,4,0,0
212518,352955793,C,0,B,1,"E,M",1,E,1,M,1,G,1,3,4,B,1,B,0,"G,N",1,G,1,N,1,H,1,3,4,0,0
246196,883286891,D,1,C,0,"E,M",1,E,1,M,1,G,1,3,4,B,1,D,1,"E,N",0,E,0,N,1,H,1,3,4,0,0
246694,558899993,D,1,B,1,"B,M",0,B,0,M,1,G,1,3,4,B,1,D,1,"E,N",0,E,0,N,1,H,1,3,4,0,0
251198,510123010,D,1,B,1,"E,M",1,E,1,M,1,J,0,3,4,B,1,D,1,"I,N",0,I,0,N,1,H,1,3,4,0,0
253182,525202200,D,1,B,1,"B,M",0,B,0,M,1,G,1,3,4,B,1,D,1,"C,N",0,C,0,N,1,H,1,3,4,0,0
260305,647270308,C,0,B,1,"E,M",1,E,1,M,1,G,1,3,4,B,1,D,1,"I,N",0,I,0,N,1,H,1,3,4,0,0
257616,366348919,C,0,B,1,"E,M",1,E,1,M,1,G,1,3,4,B,1,D,1,"E,N",0,E,0,N,1,H,1,3,4,0,0
252216,367222939,D,1,B,1,"C,M",0,C,0,M,1,G,1,3,4,B,1,D,1,"I,N",0,I,0,N,1,H,1,3,4,0,0
234823,711092361,D,1,B,1,"B,M",0,B,0,M,1,G,1,3,4,D,0,D,1,"G,N",1,G,1,N,1,H,1,3,4,0,0
269366,181122446,D,1,B,1,"E,N",0,E,1,N,0,G,1,3,4,B,1,D,1,"G,M",0,G,1,M,0,H,1,3,4,0,0
251933,177260491,C,0,B,1,"E,M",1,E,1,M,1,G,1,3,4,B,1,D,1,"I,O",0,I,0,O,0,H,1,3,3,0,-1
255988,167059002,D,1,B,1,"E,M",1,E,1,M,1,E,0,3,4,B,1,D,1,"E,N",0,E,0,N,1,H,1,3,4,0,0
164894,797842337,D,1,B,1,"G,M",0,G,0,M,1,G,1,3,4,A,0,D,1,"G,N",1,G,1,N,1,H,1,3,4,0,0
257144,797778291,D,1,B,1,"B,M",0,B,0,M,1,G,1,3,4,B,1,D,1,"I,O",0,I,0,O,0,H,1,3,3,0,-1
258272,285238574,A,0,B,1,"E,M",1,E,1,M,1,G,1,3,4,B,1,D,1,"B,N",0,B,0,N,1,H,1,3,4,0,0
252185,140899574,D,1,B,1,"B,M",0,B,0,M,1,G,1,3,4,B,1,D,1,"L,N",0,L,0,N,1,H,1,3,4,0,0
255545,267892628,A,0,B,1,"E,M",1,E,1,M,1,G,1,3,4,B,1,D,1,"I,N",0,I,0,N,1,H,1,3,4,0,0
233476,672823175,D,1,B,1,"J,M",0,J,0,M,1,G,1,3,4,B,1,D,1,"B,N",0,B,0,N,1,H,1,3,4,0,0
270197,699886774,D,1,C,0,"E,M",1,E,1,M,1,G,1,3,4,B,1,D,1,"E,N",0,E,0,N,1,H,1,3,4,0,0
220411,965196515,D,1,B,1,"G,M",0,G,0,M,1,G,1,3,4,B,1,D,1,"I,N",0,I,0,N,1,H,1,3,4,0,0
243657,801659640,D,1,B,1,"B,M",0,B,0,M,1,G,1,3,4,D,0,D,1,"G,N",1,G,1,N,1,H,1,3,4,0,0
256930,351705151,D,1,B,1,"G,M",0,G,0,M,1,G,1,3,4,B,1,D,1,"E,N",0,E,0,N,1,H,1,3,4,0,0
245060,717376015,D,1,B,1,"G,M",0,G,0,M,1,G,1,3,4,B,1,D,1,"I,O",0,I,0,O,0,H,1,3,3,0,-1
245487,216204741,D,1,B,1,"B,M",0,B,0,M,1,G,1,3,4,B,1,C,0,"G,N",1,G,1,N,1,H,1,3,4,0,0
256673,621939370,D,1,B,1,"G,M",0,G,0,M,1,G,1,3,4,B,1,D,1,"G,N",1,G,1,N,1,F,0,3,4,0,0
251952,296899087,D,1,B,1,"B,N",0,B,0,N,0,G,1,3,3,B,1,B,0,"G,N",1,G,1,N,1,H,1,3,4,0,1
260776,766230629,A,0,B,1,"E,M",1,E,1,M,1,G,1,3,4,B,1,D,1,"I,N",0,I,0,N,1,H,1,3,4,0,0
246912,193154031,A,0,B,1,"E,M",1,E,1,M,1,G,1,3,4,B,1,B,0,"G,N",1,G,1,N,1,H,1,3,4,0,0
244707,415563536,A,0,B,1,"E,M",1,E,1,M,1,G,1,3,4,B,1,D,1,"I,N",0,I,0,N,1,H,1,3,4,0,0
250314,153432207,D,1,B,1,"G,M",0,G,0,M,1,G,1,3,4,B,1,D,1,"I,N",0,I,0,N,1,H,1,3,4,0,0
246382,259398582,D,1,B,1,"B,M",0,B,0,M,1,G,1,3,4,B,1,D,1,"G,M",0,G,1,M,0,H,1,3,4,0,0
215727,437463130,C,0,B,1,"E,M",1,E,1,M,1,G,1,3,4,B,1,D,1,"G,M",0,G,1,M,0,H,1,3,4,0,0
254581,857004643,D,1,B,1,"E,M",1,E,1,M,1,J,0,3,4,B,1,D,1,"B,N",0,B,0,N,1,H,1,3,4,0,0
251395,664902207,A,0,B,1,"E,M",1,E,1,M,1,G,1,3,4,B,1,D,1,"I,N",0,I,0,N,1,H,1,3,4,0,0
255039,951039025,D,1,B,1,"G,M",0,G,0,M,1,G,1,3,4,B,1,D,1,"E,N",0,E,0,N,1,H,1,3,4,0,0
251649,994319414,D,1,B,1,"G,M",0,G,0,M,1,G,1,3,4,B,1,D,1,"E,M",0,E,0,M,0,H,1,3,3,0,-1
245244,806889461,D,1,B,1,"E,M",1,E,1,M,1,B,0,3,4,B,1,D,1,"I,O",0,I,0,O,0,H,1,3,3,0,-1
238652,533045115,D,1,B,1,"G,M",0,G,0,M,1,G,1,3,4,B,1,D,1,"B,N",0,B,0,N,1,H,1,3,4,0,0
227159,394341220,D,1,B,1,"E,M",1,E,1,M,1,G,1,4,5,B,1,D,1,"G,N",1,G,1,N,1,,0,3,4,-1,-1
260866,937061600,D,1,B,1,"E,M",1,E,1,M,1,G,1,4,5,D,0,D,1,"G,N",1,G,1,N,1,H,1,3,4,-1,-1
247350,510161332,D,1,B,1,"E,M",1,E,1,M,1,G,1,4,5,B,1,D,1,"E,N",0,E,0,N,1,H,1,3,4,-1,-1
266679,315356134,D,1,B,1,"E,M",1,E,1,M,1,G,1,4,5,B,1,D,1,"B,N",0,B,0,N,1,H,1,3,4,-1,-1
254792,285681269,D,1,B,1,"E,M",1,E,1,M,1,G,1,4,5,D,0,D,1,"G,N",1,G,1,N,1,H,1,3,4,-1,-1
255856,846182292,D,1,B,1,"E,M",1,E,1,M,1,G,1,4,5,B,1,D,1,"E,N",0,E,0,N,1,H,1,3,4,-1,-1
254521,962113956,D,1,B,1,"E,M",1,E,1,M,1,G,1,4,5,B,1,D,1,"G,M",0,G,1,M,0,H,1,3,4,-1,-1
246065,753285204,D,1,B,1,"E,M",1,E,1,M,1,G,1,4,5,B,1,D,1,"B,N",0,B,0,N,1,H,1,3,4,-1,-1
258292,615115260,D,1,B,1,"E,M",1,E,1,M,1,G,1,4,5,B,1,C,0,"G,N",1,G,1,N,1,H,1,3,4,-1,-1
206556,495706241,D,1,B,1,"E,M",1,E,1,M,1,G,1,4,5,B,1,D,1,"E,N",0,E,0,N,1,H,1,3,4,-1,-1
245647,902974586,D,1,B,1,"E,M",1,E,1,M,1,G,1,4,5,B,1,D,1,"E,N",0,E,0,N,1,H,1,3,4,-1,-1
264063,524890966,D,1,B,1,"E,M",1,E,1,M,1,G,1,4,5,D,0,D,1,"G,N",1,G,1,N,1,H,1,3,4,-1,-1
245231,946468701,D,1,B,1,"E,M",1,E,1,M,1,G,1,4,5,B,1,D,1,"E,N",0,E,0,N,1,H,1,3,4,-1,-1
246771,619395605,D,1,B,1,"E,M",1,E,1,M,1,G,1,4,5,B,1,D,1,"G,M",0,G,1,M,0,H,1,3,4,-1,-1
249666,297467251,D,1,B,1,"E,M",1,E,1,M,1,G,1,4,5,B,1,D,1,"I,O",0,I,0,O,0,H,1,3,3,-1,-2
260033,848921247,D,1,B,1,"E,M",1,E,1,M,1,G,1,4,5,B,1,D,1,"E,N",0,E,0,N,1,H,1,3,4,-1,-1
249943,122911728,D,1,B,1,"E,M",1,E,1,M,1,G,1,4,5,B,1,D,1,"E,N",0,E,0,N,1,H,1,3,4,-1,-1
256920,327098406,D,1,B,1,"E,M",1,E,1,M,1,G,1,4,5,D,0,D,1,"G,N",1,G,1,N,1,H,1,3,4,-1,-1
246733,208108223,D,1,B,1,"E,M",1,E,1,M,1,G,1,4,5,B,1,D,1,"I,N",0,I,0,N,1,H,1,3,4,-1,-1
255358,964141467,D,1,B,1,"E,M",1,E,1,M,1,G,1,4,5,B,1,D,1,"I,O",0,I,0,O,0,H,1,3,3,-1,-2
257724,786813717,D,1,B,1,"E,M",1,E,1,M,1,G,1,4,5,B,1,D,1,"E,N",0,E,0,N,1,H,1,3,4,-1,-1
250168,344653840,D,1,B,1,"E,M",1,E,1,M,1,G,1,4,5,B,1,D,1,"G,M",0,G,1,M,0,H,1,3,4,-1,-1
248230,813493529,D,1,B,1,"E,M",1,E,1,M,1,G,1,4,5,B,1,D,1,"G,N",1,G,1,N,1,I,0,3,4,-1,-1
250584,505118794,D,1,B,1,"E,M",1,E,1,M,1,G,1,4,5,B,1,D,1,"E,N",0,E,0,N,1,H,1,3,4,-1,-1
263566,642805718,D,1,B,1,"E,M",1,E,1,M,1,G,1,4,5,B,1,D,1,"I,N",0,I,0,N,1,H,1,3,4,-1,-1
260810,408430567,D,1,B,1,"E,M",1,E,1,M,1,G,1,4,5,B,1,D,1,"E,N",0,E,0,N,1,H,1,3,4,-1,-1
244596,141510153,D,1,B,1,"E,M",1,E,1,M,1,G,1,4,5,D,0,D,1,"G,N",1,G,1,N,1,H,1,3,4,-1,-1
257849,762267774,D,1,B,1,"E,M",1,E,1,M,1,G,1,4,5,B,1,D,1,"I,O",0,I,0,O,0,H,1,3,3,-1,-2
32557,219006556,D,1,B,1,"E,M",1,E,1,M,1,G,1,4,5,D,0,D,1,"G,N",1,G,1,N,1,H,1,3,4,-1,-1
250907,890411849,D,1,B,1,"E,M",1,E,1,M,1,G,1,4,5,D,0,D,1,"G,N",1,G,1,N,1,H,1,3,4,-1,-1
265680,850828623,D,1,B,1,"E,M",1,E,1,M,1,G,1,4,5,B,1,D,1,"I,O",0,I,0,O,0,H,1,3,3,-1,-2
238258,565536680,D,1,B,1,"E,M",1,E,1,M,1,G,1,4,5,B,1,D,1,"I,N",0,I,0,N,1,H,1,3,4,-1,-1
248875,266999327,D,1,B,1,"E,M",1,E,1,M,1,G,1,4,5,D,0,D,1,"G,N",1,G,1,N,1,H,1,3,4,-1,-1
225675,774053597,D,1,B,1,"E,M",1,E,1,M,1,G,1,4,5,B,1,D,1,"I,O",0,I,0,O,0,H,1,3,3,-1,-2
252005,264535270,D,1,B,1,"E,M",1,E,1,M,1,G,1,4,5,B,1,D,1,"B,N",0,B,0,N,1,H,1,3,4,-1,-1
272450,394331911,D,1,B,1,"E,M",1,E,1,M,1,G,1,4,5,B,1,D,1,"F,N",0,F,0,N,1,H,1,3,4,-1,-1
201190,291750267,D,1,B,1,"E,M",1,E,1,M,1,G,1,4,5,B,1,D,1,"I,N",0,I,0,N,1,H,1,3,4,-1,-1
255031,537427364,D,1,B,1,"E,M",1,E,1,M,1,G,1,4,5,B,1,D,1,"I,N",0,I,0,N,1,H,1,3,4,-1,-1
254479,880552803,D,1,B,1,"E,M",1,E,1,M,1,G,1,4,5,B,1,D,1,"B,N",0,B,0,N,1,H,1,3,4,-1,-1
256741,628239350,D,1,B,1,"E,M",1,E,1,M,1,G,1,4,5,B,1,D,1,"E,N",0,E,0,N,1,H,1,3,4,-1,-1
255347,566237842,D,1,B,1,"E,M",1,E,1,M,1,G,1,4,5,B,1,D,1,"E,N",0,E,0,N,1,H,1,3,4,-1,-1
270882,366510005,D,1,B,1,"E,M",1,E,1,M,1,G,1,4,5,B,1,D,1,"E,N",0,E,0,N,1,H,1,3,4,-1,-1
257680,232987571,D,1,B,1,"E,M",1,E,1,M,1,G,1,4,5,B,1,D,1,"I,N",0,I,0,N,1,H,1,3,4,-1,-1
246660,434313540,D,1,B,1,"E,M",1,E,1,M,1,G,1,4,5,B,1,D,1,"E,N",0,E,0,N,1,H,1,3,4,-1,-1
245107,176884286,D,1,B,1,"E,M",1,E,1,M,1,G,1,4,5,B,1,C,0,"G,N",1,G,1,N,1,H,1,3,4,-1,-1
226230,227206654,D,1,B,1,"E,M",1,E,1,M,1,G,1,4,5,A,0,D,1,"G,N",1,G,1,N,1,H,1,3,4,-1,-1
244998,221907863,D,1,B,1,"E,M",1,E,1,M,1,G,1,4,5,B,1,D,1,"B,N",0,B,0,N,1,H,1,3,4,-1,-1
251970,353222583,D,1,B,1,"E,M",1,E,1,M,1,G,1,4,5,B,1,D,1,"B,N",0,B,0,N,1,H,1,3,4,-1,-1
252580,888873120,D,1,B,1,"E,M",1,E,1,M,1,G,1,4,5,B,1,D,1,"I,N",0,I,0,N,1,H,1,3,4,-1,-1
254266,311994446,D,1,B,1,"E,M",1,E,1,M,1,G,1,4,5,B,1,D,1,"I,N",0,I,0,N,1,H,1,3,4,-1,-1
116395,630621292,D,1,B,1,"E,M",1,E,1,M,1,G,1,4,5,B,1,D,1,"B,N",0,B,0,N,1,H,1,3,4,-1,-1
257670,839042582,D,1,B,1,"E,M",1,E,1,M,1,G,1,4,5,B,1,D,1,"G,N",1,G,1,N,1,F,0,3,4,-1,-1
216470,438857684,D,1,B,1,"E,M",1,E,1,M,1,G,1,4,5,B,1,D,1,"I,N",0,I,0,N,1,H,1,3,4,-1,-1
245458,716861238,D,1,B,1,"E,M",1,E,1,M,1,G,1,4,5,B,1,D,1,"E,N",0,E,0,N,1,H,1,3,4,-1,-1
267027,173059133,D,1,B,1,"E,M",1,E,1,M,1,G,1,4,5,B,1,D,1,"E,N",0,E,0,N,1,H,1,3,4,-1,-1
252620,516650110,D,1,B,1,"E,M",1,E,1,M,1,G,1,4,5,B,1,D,1,"E,N",0,E,0,N,1,H,1,3,4,-1,-1
215829,535169533,D,1,B,1,"E,M",1,E,1,M,1,G,1,4,5,B,1,D,1,"I,N",0,I,0,N,1,H,1,3,4,-1,-1
218079,985103822,D,1,B,1,"E,M",1,E,1,M,1,G,1,4,5,D,0,D,1,"G,N",1,G,1,N,1,H,1,3,4,-1,-1
242814,723797764,D,1,B,1,"E,M",1,E,1,M,1,G,1,4,5,B,1,D,1,"E,N",0,E,0,N,1,H,1,3,4,-1,-1
256354,722781138,D,1,B,1,"E,M",1,E,1,M,1,G,1,4,5,B,1,B,0,"G,N",1,G,1,N,1,H,1,3,4,-1,-1
250790,889113633,D,1,B,1,"E,M",1,E,1,M,1,G,1,4,5,B,1,D,1,"G,M",0,G,1,M,0,H,1,3,4,-1,-1
245299,793944809,D,1,B,1,"E,M",1,E,1,M,1,G,1,4,5,B,1,D,1,"I,N",0,I,0,N,1,H,1,3,4,-1,-1
255479,795452306,D,1,B,1,"E,M",1,E,1,M,1,G,1,4,5,B,1,D,1,"I,O",0,I,0,O,0,H,1,3,3,-1,-2
254155,785607380,D,1,B,1,"E,M",1,E,1,M,1,G,1,4,5,B,1,D,1,"E,N",0,E,0,N,1,H,1,3,4,-1,-1
244943,161978642,D,1,B,1,"E,M",1,E,1,M,1,G,1,4,5,B,1,D,1,"E,N",0,E,0,N,1,H,1,3,4,-1,-1
247707,383560858,D,1,B,1,"E,M",1,E,1,M,1,G,1,4,5,D,0,D,1,"G,N",1,G,1,N,1,H,1,3,4,-1,-1
252254,715387263,D,1,B,1,"E,M",1,E,1,M,1,G,1,4,5,B,1,D,1,"E,N",0,E,0,N,1,H,1,3,4,-1,-1
218020,749996243,D,1,B,1,"E,M",1,E,1,M,1,G,1,4,5,D,0,D,1,"G,N",1,G,1,N,1,H,1,3,4,-1,-1
211556,207386547,D,1,B,1,"E,M",1,E,1,M,1,G,1,4,5,B,1,D,1,G,0,,0,,0,H,1,3,3,-1,-2
252745,933278241,C,0,D,0,"D,M",0,D,0,M,1,B,0,0,1,B,1,D,1,"G,N",1,G,1,N,1,H,1,4,5,4,4
243954,806648924,C,0,A,0,"B,M",0,B,0,M,1,G,1,1,2,B,1,D,1,"G,N",1,G,1,N,1,H,1,4,5,3,3
248916,730674236,C,0,A,0,"B,M",0,B,0,M,1,G,1,1,2,B,1,D,1,"G,N",1,G,1,N,1,H,1,4,5,3,3
233007,687996730,A,0,B,1,"E,M",1,E,1,M,1,J,0,2,3,B,1,D,1,"G,N",1,G,1,N,1,H,1,4,5,2,2
267606,142496648,D,1,B,1,"E,N",0,E,1,N,0,,0,2,3,B,1,D,1,"G,N",1,G,1,N,1,H,1,4,5,2,2
259349,786281271,C,0,B,1,"G,M",0,G,0,M,1,G,1,2,3,B,1,D,1,"G,N",1,G,1,N,1,H,1,4,5,2,2
256447,455593007,A,0,B,1,"B,M",0,B,0,M,1,G,1,2,3,B,1,D,1,"G,N",1,G,1,N,1,H,1,4,5,2,2
208539,822042586,D,1,B,1,"E,N",0,E,1,N,0,K,0,2,3,B,1,D,1,"G,N",1,G,1,N,1,H,1,4,5,2,2
258469,866156972,C,0,B,1,"G,M",0,G,0,M,1,G,1,2,3,B,1,D,1,"G,N",1,G,1,N,1,H,1,4,5,2,2
260606,717768078,A,0,B,1,"G,M",0,G,0,M,1,G,1,2,3,B,1,D,1,"G,N",1,G,1,N,1,H,1,4,5,2,2
264412,848431280,C,0,B,1,"L,M",0,L,0,M,1,G,1,2,3,B,1,D,1,"G,N",1,G,1,N,1,H,1,4,5,2,2
252207,683842734,A,0,B,1,"B,M",0,B,0,M,1,G,1,2,3,B,1,D,1,"G,N",1,G,1,N,1,H,1,4,5,2,2
222285,771527195,C,0,B,1,"B,M",0,B,0,M,1,G,1,2,3,B,1,D,1,"G,N",1,G,1,N,1,H,1,4,5,2,2
248213,786128314,D,1,B,1,"A,M",0,A,0,M,1,A,0,2,3,B,1,D,1,"G,N",1,G,1,N,1,H,1,4,5,2,2
255504,302200077,A,0,B,1,"E,M",1,E,1,M,1,L,0,2,3,B,1,D,1,"G,N",1,G,1,N,1,H,1,4,5,2,2
161498,722223187,C,0,B,1,"B,N",0,B,0,N,0,G,1,2,2,B,1,D,1,"G,N",1,G,1,N,1,H,1,4,5,2,3
256309,694925973,A,0,B,1,"G,M",0,G,0,M,1,G,1,2,3,B,1,D,1,"G,N",1,G,1,N,1,H,1,4,5,2,2
242004,682321996,D,1,B,1,"G,M",0,G,0,M,1,D,0,2,3,B,1,D,1,"G,N",1,G,1,N,1,H,1,4,5,2,2
257674,613614998,D,1,B,1,"B,M",0,B,0,M,1,J,0,2,3,B,1,D,1,"G,N",1,G,1,N,1,H,1,4,5,2,2
257880,952594821,A,0,B,1,"G,M",0,G,0,M,1,G,1,2,3,B,1,D,1,"G,N",1,G,1,N,1,H,1,4,5,2,2
243801,870181118,D,1,B,1,"L,M",0,L,0,M,1,H,0,2,3,B,1,D,1,"G,N",1,G,1,N,1,H,1,4,5,2,2
226635,779986839,A,0,B,1,"G,M",0,G,0,M,1,G,1,2,3,B,1,D,1,"G,N",1,G,1,N,1,H,1,4,5,2,2
251004,433944287,D,1,C,0,"I,N",0,I,0,N,0,G,1,2,2,B,1,D,1,"G,N",1,G,1,N,1,H,1,4,5,2,3
249171,919253908,D,1,B,1,"G,M",0,G,0,M,1,G,1,3,4,B,1,D,1,"G,N",1,G,1,N,1,H,1,4,5,1,1
174323,502191590,D,1,B,1,"E,M",1,E,1,M,1,,0,3,4,B,1,D,1,"G,N",1,G,1,N,1,H,1,4,5,1,1
254522,846312069,D,1,B,1,"G,M",0,G,0,M,1,G,1,3,4,B,1,D,1,"G,N",1,G,1,N,1,H,1,4,5,1,1
255250,665236036,D,1,A,0,"E,M",1,E,1,M,1,G,1,3,4,B,1,D,1,"G,N",1,G,1,N,1,H,1,4,5,1,1
198953,310198480,B,0,B,1,"E,M",1,E,1,M,1,G,1,3,4,B,1,D,1,"G,N",1,G,1,N,1,H,1,4,5,1,1
222833,208557643,D,1,B,1,"G,M",0,G,0,M,1,G,1,3,4,B,1,D,1,"G,N",1,G,1,N,1,H,1,4,5,1,1
252785,599059157,D,1,B,1,"G,M",0,G,0,M,1,G,1,3,4,B,1,D,1,"G,N",1,G,1,N,1,H,1,4,5,1,1
241960,183928988,A,0,B,1,"E,M",1,E,1,M,1,G,1,3,4,B,1,D,1,"G,N",1,G,1,N,1,H,1,4,5,1,1
257792,820543651,D,1,B,1,"G,M",0,G,0,M,1,G,1,3,4,B,1,D,1,"G,N",1,G,1,N,1,H,1,4,5,1,1
272241,826414463,D,1,B,1,"E,N",0,E,1,N,0,G,1,3,4,B,1,D,1,"G,N",1,G,1,N,1,H,1,4,5,1,1
227914,460465839,D,1,B,1,"G,M",0,G,0,M,1,G,1,3,4,B,1,D,1,"G,N",1,G,1,N,1,H,1,4,5,1,1
242891,691231052,D,1,B,1,"E,M",1,E,1,M,1,L,0,3,4,B,1,D,1,"G,N",1,G,1,N,1,H,1,4,5,1,1
267141,534741454,C,0,B,1,"E,M",1,E,1,M,1,G,1,3,4,B,1,D,1,"G,N",1,G,1,N,1,H,1,4,5,1,1
249748,893113548,D,1,B,1,"B,M",0,B,0,M,1,G,1,3,4,B,1,D,1,"G,N",1,G,1,N,1,H,1,4,5,1,1
213969,172298642,D,1,B,1,"G,M",0,G,0,M,1,G,1,3,4,B,1,D,1,"G,N",1,G,1,N,1,H,1,4,5,1,1
226900,550612636,D,1,B,1,"D,N",0,D,0,N,0,G,1,3,3,B,1,D,1,"G,N",1,G,1,N,1,H,1,4,5,1,2
247168,463667815,D,1,B,1,"K,M",0,K,0,M,1,G,1,3,4,B,1,D,1,"G,N",1,G,1,N,1,H,1,4,5,1,1
249151,863117038,D,1,B,1,"G,M",0,G,0,M,1,G,1,3,4,B,1,D,1,"G,N",1,G,1,N,1,H,1,4,5,1,1
253959,392827382,D,1,B,1,"B,M",0,B,0,M,1,G,1,3,4,B,1,D,1,"G,N",1,G,1,N,1,H,1,4,5,1,1
262922,971755539,D,1,B,1,"G,M",0,G,0,M,1,G,1,3,4,B,1,D,1,"G,N",1,G,1,N,1,H,1,4,5,1,1
270683,461387529,D,1,B,1,"G,M",0,G,0,M,1,G,1,3,4,B,1,D,1,"G,N",1,G,1,N,1,H,1,4,5,1,1
251555,444306176,D,1,B,1,"E,N",0,E,1,N,0,G,1,3,4,B,1,D,1,"G,N",1,G,1,N,1,H,1,4,5,1,1
244966,232644819,D,1,B,1,"B,M",0,B,0,M,1,G,1,3,4,B,1,D,1,"G,N",1,G,1,N,1,H,1,4,5,1,1
263990,842836797,D,1,B,1,"E,N",0,E,1,N,0,G,1,3,4,B,1,D,1,"G,N",1,G,1,N,1,H,1,4,5,1,1
247698,284314635,D,1,B,1,"B,M",0,B,0,M,1,G,1,3,4,B,1,D,1,"G,N",1,G,1,N,1,H,1,4,5,1,1
251146,793865908,D,1,C,0,"E,M",1,E,1,M,1,G,1,3,4,B,1,D,1,"G,N",1,G,1,N,1,H,1,4,5,1,1
266098,831775626,D,1,B,1,"B,M",0,B,0,M,1,G,1,3,4,B,1,D,1,"G,N",1,G,1,N,1,H,1,4,5,1,1
224145,921778425,C,0,B,1,"E,M",1,E,1,M,1,G,1,3,4,B,1,D,1,"G,N",1,G,1,N,1,H,1,4,5,1,1
248174,696296787,D,1,B,1,"G,M",0,G,0,M,1,G,1,3,4,B,1,D,1,"G,N",1,G,1,N,1,H,1,4,5,1,1
245336,118491607,D,1,B,1,"B,M",0,B,0,M,1,G,1,3,4,B,1,D,1,"G,N",1,G,1,N,1,H,1,4,5,1,1
242168,733203507,C,0,B,1,"E,M",1,E,1,M,1,G,1,3,4,B,1,D,1,"G,N",1,G,1,N,1,H,1,4,5,1,1
255252,394951483,D,1,B,1,"G,M",0,G,0,M,1,G,1,3,4,B,1,D,1,"G,N",1,G,1,N,1,H,1,4,5,1,1
253019,939061270,D,1,B,1,"B,M",0,B,0,M,1,G,1,3,4,B,1,D,1,"G,N",1,G,1,N,1,H,1,4,5,1,1
245046,461813300,A,0,B,1,"E,M",1,E,1,M,1,G,1,3,4,B,1,D,1,"G,N",1,G,1,N,1,H,1,4,5,1,1
256402,823213455,D,1,D,0,"E,M",1,E,1,M,1,G,1,3,4,B,1,D,1,"G,N",1,G,1,N,1,H,1,4,5,1,1
245547,127993515,D,1,B,1,"L,M",0,L,0,M,1,G,1,3,4,B,1,D,1,"G,N",1,G,1,N,1,H,1,4,5,1,1
251184,969458527,D,1,B,1,"G,M",0,G,0,M,1,G,1,3,4,B,1,D,1,"G,N",1,G,1,N,1,H,1,4,5,1,1
238272,920147998,D,1,B,1,"E,O",0,E,1,O,0,G,1,3,4,B,1,D,1,"G,N",1,G,1,N,1,H,1,4,5,1,1
264747,735259867,D,1,B,1,"E,N",0,E,1,N,0,G,1,3,4,B,1,D,1,"G,N",1,G,1,N,1,H,1,4,5,1,1
250924,163052085,D,1,B,1,"B,M",0,B,0,M,1,G,1,3,4,B,1,D,1,"G,N",1,G,1,N,1,H,1,4,5,1,1
220428,774636071,D,1,B,1,"G,M",0,G,0,M,1,G,1,3,4,B,1,D,1,"G,N",1,G,1,N,1,H,1,4,5,1,1
256677,689753607,D,1,B,1,"G,M",0,G,0,M,1,G,1,3,4,B,1,D,1,"G,N",1,G,1,N,1,H,1,4,5,1,1
231416,454393301,A,0,B,1,"E,M",1,E,1,M,1,G,1,3,4,B,1,D,1,"G,N",1,G,1,N,1,H,1,4,5,1,1
161249,321719499,A,0,B,1,"E,M",1,E,1,M,1,G,1,3,4,B,1,D,1,"G,N",1,G,1,N,1,H,1,4,5,1,1
251167,588260533,D,1,C,0,"E,M",1,E,1,M,1,G,1,3,4,B,1,D,1,"G,N",1,G,1,N,1,H,1,4,5,1,1
247062,336385313,A,0,B,1,"E,M",1,E,1,M,1,G,1,3,4,B,1,D,1,"G,N",1,G,1,N,1,H,1,4,5,1,1
246270,594801834,D,1,B,1,"B,M",0,B,0,M,1,G,1,3,4,B,1,D,1,"G,N",1,G,1,N,1,H,1,4,5,1,1
249932,589346291,D,1,B,1,"G,M",0,G,0,M,1,G,1,3,4,B,1,D,1,"G,N",1,G,1,N,1,H,1,4,5,1,1
253382,269153896,D,1,B,1,"G,M",0,G,0,M,1,G,1,3,4,B,1,D,1,"G,N",1,G,1,N,1,H,1,4,5,1,1
253756,797605454,D,1,B,1,"G,M",0,G,0,M,1,G,1,3,4,B,1,D,1,"G,N",1,G,1,N,1,H,1,4,5,1,1
248735,870515843,D,1,B,1,"G,M",0,G,0,M,1,G,1,3,4,B,1,D,1,"G,N",1,G,1,N,1,H,1,4,5,1,1
248240,369093341,C,0,B,1,"E,M",1,E,1,M,1,G,1,3,4,B,1,D,1,"G,N",1,G,1,N,1,H,1,4,5,1,1
249900,709862523,D,1,A,0,"E,M",1,E,1,M,1,G,1,3,4,B,1,D,1,"G,N",1,G,1,N,1,H,1,4,5,1,1
262819,808569003,D,1,D,0,"E,M",1,E,1,M,1,G,1,3,4,B,1,D,1,"G,N",1,G,1,N,1,H,1,4,5,1,1
267131,645666450,D,1,B,1,"G,M",0,G,0,M,1,G,1,3,4,B,1,D,1,"G,N",1,G,1,N,1,H,1,4,5,1,1
261428,473264075,D,1,B,1,"B,M",0,B,0,M,1,G,1,3,4,B,1,D,1,"G,N",1,G,1,N,1,H,1,4,5,1,1
257960,538784734,A,0,B,1,"E,M",1,E,1,M,1,G,1,3,4,B,1,D,1,"G,N",1,G,1,N,1,H,1,4,5,1,1
257794,926335228,D,1,B,1,"G,M",0,G,0,M,1,G,1,3,4,B,1,D,1,"G,N",1,G,1,N,1,H,1,4,5,1,1
246507,315303614,D,1,B,1,"G,M",0,G,0,M,1,G,1,3,4,B,1,D,1,"G,N",1,G,1,N,1,H,1,4,5,1,1
252868,301940233,C,0,B,1,"E,M",1,E,1,M,1,G,1,3,4,B,1,D,1,"G,N",1,G,1,N,1,H,1,4,5,1,1
264745,506063545,D,1,B,1,"G,M",0,G,0,M,1,G,1,3,4,B,1,D,1,"G,N",1,G,1,N,1,H,1,4,5,1,1
251042,652556698,D,1,B,1,"E,M",1,E,1,M,1,J,0,3,4,B,1,D,1,"G,N",1,G,1,N,1,H,1,4,5,1,1
126146,925620692,D,1,B,1,"B,M",0,B,0,M,1,G,1,3,4,B,1,D,1,"G,N",1,G,1,N,1,H,1,4,5,1,1
36244,362874073,D,1,B,1,"E,M",1,E,1,M,1,J,0,3,4,B,1,D,1,"G,N",1,G,1,N,1,H,1,4,5,1,1
250921,695961511,D,1,B,1,"G,M",0,G,0,M,1,G,1,3,4,B,1,D,1,"G,N",1,G,1,N,1,H,1,4,5,1,1
257256,624232450,D,1,B,1,"B,M",0,B,0,M,1,G,1,3,4,B,1,D,1,"G,N",1,G,1,N,1,H,1,4,5,1,1
258763,898106398,D,1,B,1,"G,M",0,G,0,M,1,G,1,3,4,B,1,D,1,"G,N",1,G,1,N,1,H,1,4,5,1,1
245808,659595374,D,1,B,1,"E,M",1,E,1,M,1,G,1,4,5,B,1,D,1,"G,N",1,G,1,N,1,H,1,4,5,0,0
270952,173605018,D,1,B,1,"E,M",1,E,1,M,1,G,1,4,5,B,1,D,1,"G,N",1,G,1,N,1,H,1,4,5,0,0
242343,101897832,D,1,B,1,"E,M",1,E,1,M,1,G,1,4,5,B,1,D,1,"G,N",1,G,1,N,1,H,1,4,5,0,0
257918,317038738,D,1,B,1,"E,M",1,E,1,M,1,G,1,4,5,B,1,D,1,"G,N",1,G,1,N,1,H,1,4,5,0,0
196410,295813595,D,1,B,1,"E,M",1,E,1,M,1,G,1,4,5,B,1,D,1,"G,N",1,G,1,N,1,H,1,4,5,0,0
267410,3915636,D,1,B,1,"E,M",1,E,1,M,1,G,1,4,5,B,1,D,1,"G,N",1,G,1,N,1,H,1,4,5,0,0
269130,268510791,D,1,B,1,"E,M",1,E,1,M,1,G,1,4,5,B,1,D,1,"G,N",1,G,1,N,1,H,1,4,5,0,0
123754,628819021,D,1,B,1,"E,M",1,E,1,M,1,G,1,4,5,B,1,D,1,"G,N",1,G,1,N,1,H,1,4,5,0,0
257675,636903274,D,1,B,1,"E,M",1,E,1,M,1,G,1,4,5,B,1,D,1,"G,N",1,G,1,N,1,H,1,4,5,0,0
239506,288046674,D,1,B,1,"E,M",1,E,1,M,1,G,1,4,5,B,1,D,1,"G,N",1,G,1,N,1,H,1,4,5,0,0
254765,606747880,D,1,B,1,"E,M",1,E,1,M,1,G,1,4,5,B,1,D,1,"G,N",1,G,1,N,1,H,1,4,5,0,0
259484,464608278,D,1,B,1,"E,M",1,E,1,M,1,G,1,4,5,B,1,D,1,"G,N",1,G,1,N,1,H,1,4,5,0,0
208665,418781651,D,1,B,1,"E,M",1,E,1,M,1,G,1,4,5,B,1,D,1,"G,N",1,G,1,N,1,H,1,4,5,0,0
270646,626086055,D,1,B,1,"E,M",1,E,1,M,1,G,1,4,5,B,1,D,1,"G,N",1,G,1,N,1,H,1,4,5,0,0
256408,292580845,D,1,B,1,"E,M",1,E,1,M,1,G,1,4,5,B,1,D,1,"G,N",1,G,1,N,1,H,1,4,5,0,0
251710,798801508,D,1,B,1,"E,M",1,E,1,M,1,G,1,4,5,B,1,D,1,"G,N",1,G,1,N,1,H,1,4,5,0,0
252867,184906553,D,1,B,1,"E,M",1,E,1,M,1,G,1,4,5,B,1,D,1,"G,N",1,G,1,N,1,H,1,4,5,0,0
257573,748949947,D,1,B,1,"E,M",1,E,1,M,1,G,1,4,5,B,1,D,1,"G,N",1,G,1,N,1,H,1,4,5,0,0
258330,613857869,D,1,B,1,"E,M",1,E,1,M,1,G,1,4,5,B,1,D,1,"G,N",1,G,1,N,1,H,1,4,5,0,0
246407,580344177,D,1,B,1,"E,M",1,E,1,M,1,G,1,4,5,B,1,D,1,"G,N",1,G,1,N,1,H,1,4,5,0,0
256532,668456739,D,1,B,1,"E,M",1,E,1,M,1,G,1,4,5,B,1,D,1,"G,N",1,G,1,N,1,H,1,4,5,0,0
248604,720096954,D,1,B,1,"E,M",1,E,1,M,1,G,1,4,5,B,1,D,1,"G,N",1,G,1,N,1,H,1,4,5,0,0
244459,511144004,D,1,B,1,"E,M",1,E,1,M,1,G,1,4,5,B,1,D,1,"G,N",1,G,1,N,1,H,1,4,5,0,0
242839,847398087,D,1,B,1,"E,M",1,E,1,M,1,G,1,4,5,B,1,D,1,"G,N",1,G,1,N,1,H,1,4,5,0,0
257621,372768309,D,1,B,1,"E,M",1,E,1,M,1,G,1,4,5,B,1,D,1,"G,N",1,G,1,N,1,H,1,4,5,0,0
247004,864726839,D,1,B,1,"E,M",1,E,1,M,1,G,1,4,5,B,1,D,1,"G,N",1,G,1,N,1,H,1,4,5,0,0
243119,988397547,D,1,B,1,"E,M",1,E,1,M,1,G,1,4,5,B,1,D,1,"G,N",1,G,1,N,1,H,1,4,5,0,0
217220,622627635,D,1,B,1,"E,M",1,E,1,M,1,G,1,4,5,B,1,D,1,"G,N",1,G,1,N,1,H,1,4,5,0,0
264205,619297268,D,1,B,1,"E,M",1,E,1,M,1,G,1,4,5,B,1,D,1,"G,N",1,G,1,N,1,H,1,4,5,0,0
256679,258027130,D,1,B,1,"E,M",1,E,1,M,1,G,1,4,5,B,1,D,1,"G,N",1,G,1,N,1,H,1,4,5,0,0
265950,969428563,D,1,B,1,"E,M",1,E,1,M,1,G,1,4,5,B,1,D,1,"G,N",1,G,1,N,1,H,1,4,5,0,0
263234,359909220,D,1,B,1,"E,M",1,E,1,M,1,G,1,4,5,B,1,D,1,"G,N",1,G,1,N,1,H,1,4,5,0,0
261033,314270435,D,1,B,1,"E,M",1,E,1,M,1,G,1,4,5,B,1,D,1,"G,N",1,G,1,N,1,H,1,4,5,0,0
246628,483778758,D,1,B,1,"E,M",1,E,1,M,1,G,1,4,5,B,1,D,1,"G,N",1,G,1,N,1,H,1,4,5,0,0
257640,418608074,D,1,B,1,"E,M",1,E,1,M,1,G,1,4,5,B,1,D,1,"G,N",1,G,1,N,1,H,1,4,5,0,0
251739,508545337,D,1,B,1,"E,M",1,E,1,M,1,G,1,4,5,B,1,D,1,"G,N",1,G,1,N,1,H,1,4,5,0,0
269189,507608754,D,1,B,1,"E,M",1,E,1,M,1,G,1,4,5,B,1,D,1,"G,N",1,G,1,N,1,H,1,4,5,0,0
245079,920527739,D,1,B,1,"E,M",1,E,1,M,1,G,1,4,5,B,1,D,1,"G,N",1,G,1,N,1,H,1,4,5,0,0
261220,873762030,D,1,B,1,"E,M",1,E,1,M,1,G,1,4,5,B,1,D,1,"G,N",1,G,1,N,1,H,1,4,5,0,0
261576,553737645,D,1,B,1,"E,M",1,E,1,M,1,G,1,4,5,B,1,D,1,"G,N",1,G,1,N,1,H,1,4,5,0,0
196898,800610925,D,1,B,1,"E,M",1,E,1,M,1,G,1,4,5,B,1,D,1,"G,N",1,G,1,N,1,H,1,4,5,0,0
258586,661603089,D,1,B,1,"E,M",1,E,1,M,1,G,1,4,5,B,1,D,1,"G,N",1,G,1,N,1,H,1,4,5,0,0
257150,427137526,D,1,B,1,"E,M",1,E,1,M,1,G,1,4,5,B,1,D,1,"G,N",1,G,1,N,1,H,1,4,5,0,0
257196,413181708,D,1,B,1,"E,M",1,E,1,M,1,G,1,4,5,B,1,D,1,"G,N",1,G,1,N,1,H,1,4,5,0,0
255139,695477535,D,1,B,1,"E,M",1,E,1,M,1,G,1,4,5,B,1,D,1,"G,N",1,G,1,N,1,H,1,4,5,0,0
256422,955636214,D,1,B,1,"E,M",1,E,1,M,1,G,1,4,5,B,1,D,1,"G,N",1,G,1,N,1,H,1,4,5,0,0
268635,588809178,D,1,B,1,"E,M",1,E,1,M,1,G,1,4,5,B,1,D,1,"G,N",1,G,1,N,1,H,1,4,5,0,0
254559,482182039,D,1,B,1,"E,M",1,E,1,M,1,G,1,4,5,B,1,D,1,"G,N",1,G,1,N,1,H,1,4,5,0,0
271132,585854221,D,1,B,1,"E,M",1,E,1,M,1,G,1,4,5,B,1,D,1,"G,N",1,G,1,N,1,H,1,4,5,0,0
256457,480000262,D,1,B,1,"E,M",1,E,1,M,1,G,1,4,5,B,1,D,1,"G,N",1,G,1,N,1,H,1,4,5,0,0
247128,416073758,D,1,B,1,"E,M",1,E,1,M,1,G,1,4,5,B,1,D,1,"G,N",1,G,1,N,1,H,1,4,5,0,0
253635,811567424,D,1,B,1,"E,M",1,E,1,M,1,G,1,4,5,B,1,D,1,"G,N",1,G,1,N,1,H,1,4,5,0,0
209356,588330490,D,1,B,1,"E,M",1,E,1,M,1,G,1,4,5,B,1,D,1,"G,N",1,G,1,N,1,H,1,4,5,0,0
239338,276520527,D,1,B,1,"E,M",1,E,1,M,1,G,1,4,5,B,1,D,1,"G,N",1,G,1,N,1,H,1,4,5,0,0
258675,637333664,D,1,B,1,"E,M",1,E,1,M,1,G,1,4,5,B,1,D,1,"G,N",1,G,1,N,1,H,1,4,5,0,0
254961,750702927,D,1,B,1,"E,M",1,E,1,M,1,G,1,4,5,B,1,D,1,"G,N",1,G,1,N,1,H,1,4,5,0,0
246204,941890166,D,1,B,1,"E,M",1,E,1,M,1,G,1,4,5,B,1,D,1,"G,N",1,G,1,N,1,H,1,4,5,0,0
257121,283558558,D,1,B,1,"E,M",1,E,1,M,1,G,1,4,5,B,1,D,1,"G,N",1,G,1,N,1,H,1,4,5,0,0
250572,639879703,D,1,B,1,"E,M",1,E,1,M,1,G,1,4,5,B,1,D,1,"G,N",1,G,1,N,1,H,1,4,5,0,0
222908,410039321,D,1,B,1,"E,M",1,E,1,M,1,G,1,4,5,B,1,D,1,"G,N",1,G,1,N,1,H,1,4,5,0,0
159760,942343447,D,1,B,1,"E,M",1,E,1,M,1,G,1,4,5,B,1,D,1,"G,N",1,G,1,N,1,H,1,4,5,0,0
168299,915071378,D,1,B,1,"E,M",1,E,1,M,1,G,1,4,5,B,1,D,1,"G,N",1,G,1,N,1,H,1,4,5,0,0
258737,862342495,D,1,B,1,"E,M",1,E,1,M,1,G,1,4,5,B,1,D,1,"G,N",1,G,1,N,1,H,1,4,5,0,0
244433,395006926,D,1,B,1,"E,M",1,E,1,M,1,G,1,4,5,B,1,D,1,"G,N",1,G,1,N,1,H,1,4,5,0,0
245526,581173664,D,1,B,1,"E,M",1,E,1,M,1,G,1,4,5,B,1,D,1,"G,N",1,G,1,N,1,H,1,4,5,0,0
271205,457103904,D,1,B,1,"E,M",1,E,1,M,1,G,1,4,5,B,1,D,1,"G,N",1,G,1,N,1,H,1,4,5,0,0
253717,207906995,D,1,B,1,"E,M",1,E,1,M,1,G,1,4,5,B,1,D,1,"G,N",1,G,1,N,1,H,1,4,5,0,0
252247,563019503,D,1,B,1,"E,M",1,E,1,M,1,G,1,4,5,B,1,D,1,"G,N",1,G,1,N,1,H,1,4,5,0,0
129581,846854394,D,1,B,1,"E,M",1,E,1,M,1,G,1,4,5,B,1,D,1,"G,N",1,G,1,N,1,H,1,4,5,0,0
256438,714176827,D,1,B,1,"E,M",1,E,1,M,1,G,1,4,5,B,1,D,1,"G,N",1,G,1,N,1,H,1,4,5,0,0
252394,601936324,D,1,B,1,"E,M",1,E,1,M,1,G,1,4,5,B,1,D,1,"G,N",1,G,1,N,1,H,1,4,5,0,0
214163,146148034,D,1,B,1,"E,M",1,E,1,M,1,G,1,4,5,B,1,D,1,"G,N",1,G,1,N,1,H,1,4,5,0,0
234439,2623324,D,1,B,1,"E,M",1,E,1,M,1,G,1,4,5,B,1,D,1,"G,N",1,G,1,N,1,H,1,4,5,0,0
241934,262160188,D,1,B,1,"E,M",1,E,1,M,1,G,1,4,5,B,1,D,1,"G,N",1,G,1,N,1,H,1,4,5,0,0
259511,696456803,D,1,B,1,"E,M",1,E,1,M,1,G,1,4,5,B,1,D,1,"G,N",1,G,1,N,1,H,1,4,5,0,0
259050,454020286,D,1,B,1,"E,M",1,E,1,M,1,G,1,4,5,B,1,D,1,"G,N",1,G,1,N,1,H,1,4,5,0,0
256608,544009347,D,1,B,1,"E,M",1,E,1,M,1,G,1,4,5,B,1,D,1,"G,N",1,G,1,N,1,H,1,4,5,0,0
257192,681087165,D,1,B,1,"E,M",1,E,1,M,1,G,1,4,5,B,1,D,1,"G,N",1,G,1,N,1,H,1,4,5,0,0
252993,912017173,D,1,B,1,"E,M",1,E,1,M,1,G,1,4,5,B,1,D,1,"G,N",1,G,1,N,1,H,1,4,5,0,0
237560,378695272,D,1,B,1,"E,M",1,E,1,M,1,G,1,4,5,B,1,D,1,"G,N",1,G,1,N,1,H,1,4,5,0,0
252325,766578115,D,1,B,1,"E,M",1,E,1,M,1,G,1,4,5,B,1,D,1,"G,N",1,G,1,N,1,H,1,4,5,0,0
258639,805027536,D,1,B,1,"E,M",1,E,1,M,1,G,1,4,5,B,1,D,1,"G,N",1,G,1,N,1,H,1,4,5,0,0
256787,212341079,D,1,B,1,"E,M",1,E,1,M,1,G,1,4,5,B,1,D,1,"G,N",1,G,1,N,1,H,1,4,5,0,0
255830,983924483,D,1,B,1,"E,M",1,E,1,M,1,G,1,4,5,B,1,D,1,"G,N",1,G,1,N,1,H,1,4,5,0,0
263993,729380054,D,1,B,1,"E,M",1,E,1,M,1,G,1,4,5,B,1,D,1,"G,N",1,G,1,N,1,H,1,4,5,0,0
252296,333445990,D,1,B,1,"E,M",1,E,1,M,1,G,1,4,5,B,1,D,1,"G,N",1,G,1,N,1,H,1,4,5,0,0
234983,385406809,D,1,B,1,"E,M",1,E,1,M,1,G,1,4,5,B,1,D,1,"G,N",1,G,1,N,1,H,1,4,5,0,0
264422,563087690,D,1,B,1,"E,M",1,E,1,M,1,G,1,4,5,B,1,D,1,"G,N",1,G,1,N,1,H,1,4,5,0,0
255429,796033394,D,1,B,1,"E,M",1,E,1,M,1,G,1,4,5,B,1,D,1,"G,N",1,G,1,N,1,H,1,4,5,0,0
247654,898801913,D,1,B,1,"E,M",1,E,1,M,1,G,1,4,5,B,1,D,1,"G,N",1,G,1,N,1,H,1,4,5,0,0
162185,354396585,D,1,B,1,"E,M",1,E,1,M,1,G,1,4,5,B,1,D,1,"G,N",1,G,1,N,1,H,1,4,5,0,0
258210,499122390,D,1,B,1,"E,M",1,E,1,M,1,G,1,4,5,B,1,D,1,"G,N",1,G,1,N,1,H,1,4,5,0,0
248730,901571339,D,1,B,1,"E,M",1,E,1,M,1,G,1,4,5,B,1,D,1,"G,N",1,G,1,N,1,H,1,4,5,0,0
263040,107472552,D,1,B,1,"E,M",1,E,1,M,1,G,1,4,5,B,1,D,1,"G,N",1,G,1,N,1,H,1,4,5,0,0
247416,929666962,D,1,B,1,"E,M",1,E,1,M,1,G,1,4,5,B,1,D,1,"G,N",1,G,1,N,1,H,1,4,5,0,0
167340,613626913,D,1,B,1,"E,M",1,E,1,M,1,G,1,4,5,B,1,D,1,"G,N",1,G,1,N,1,H,1,4,5,0,0
258971,628421945,D,1,B,1,"E,M",1,E,1,M,1,G,1,4,5,B,1,D,1,"G,N",1,G,1,N,1,H,1,4,5,0,0
256636,283420348,D,1,B,1,"E,M",1,E,1,M,1,G,1,4,5,B,1,D,1,"G,N",1,G,1,N,1,H,1,4,5,0,0
249292,744908240,D,1,B,1,"E,M",1,E,1,M,1,G,1,4,5,B,1,D,1,"G,N",1,G,1,N,1,H,1,4,5,0,0
244332,122318481,D,1,B,1,"E,M",1,E,1,M,1,G,1,4,5,B,1,D,1,"G,N",1,G,1,N,1,H,1,4,5,0,0
249148,935316133,D,1,B,1,"E,M",1,E,1,M,1,G,1,4,5,B,1,D,1,"G,N",1,G,1,N,1,H,1,4,5,0,0
256238,524931604,D,1,B,1,"E,M",1,E,1,M,1,G,1,4,5,B,1,D,1,"G,N",1,G,1,N,1,H,1,4,5,0,0
253601,282318683,D,1,B,1,"E,M",1,E,1,M,1,G,1,4,5,B,1,D,1,"G,N",1,G,1,N,1,H,1,4,5,0,0
241387,367677605,D,1,B,1,"E,M",1,E,1,M,1,G,1,4,5,B,1,D,1,"G,N",1,G,1,N,1,H,1,4,5,0,0
258657,238179567,D,1,B,1,"E,M",1,E,1,M,1,G,1,4,5,B,1,D,1,"G,N",1,G,1,N,1,H,1,4,5,0,0
208917,802032909,D,1,B,1,"E,M",1,E,1,M,1,G,1,4,5,B,1,D,1,"G,N",1,G,1,N,1,H,1,4,5,0,0
252496,417304423,D,1,B,1,"E,M",1,E,1,M,1,G,1,4,5,B,1,D,1,"G,N",1,G,1,N,1,H,1,4,5,0,0
266776,365232711,D,1,B,1,"E,M",1,E,1,M,1,G,1,4,5,B,1,D,1,"G,N",1,G,1,N,1,H,1,4,5,0,0
249140,658595524,D,1,B,1,"E,M",1,E,1,M,1,G,1,4,5,B,1,D,1,"G,N",1,G,1,N,1,H,1,4,5,0,0
212711,781684792,D,1,B,1,"E,M",1,E,1,M,1,G,1,4,5,B,1,D,1,"G,N",1,G,1,N,1,H,1,4,5,0,0
251028,357553777,D,1,B,1,"E,M",1,E,1,M,1,G,1,4,5,B,1,D,1,"G,N",1,G,1,N,1,H,1,4,5,0,0
257129,531987395,D,1,B,1,"E,M",1,E,1,M,1,G,1,4,5,B,1,D,1,"G,N",1,G,1,N,1,H,1,4,5,0,0
248651,233000943,D,1,B,1,"E,M",1,E,1,M,1,G,1,4,5,B,1,D,1,"G,N",1,G,1,N,1,H,1,4,5,0,0
257828,833581390,D,1,B,1,"E,M",1,E,1,M,1,G,1,4,5,B,1,D,1,"G,N",1,G,1,N,1,H,1,4,5,0,0
238760,385201875,D,1,B,1,"E,M",1,E,1,M,1,G,1,4,5,B,1,D,1,"G,N",1,G,1,N,1,H,1,4,5,0,0
256924,822147134,D,1,B,1,"E,M",1,E,1,M,1,G,1,4,5,B,1,D,1,"G,N",1,G,1,N,1,H,1,4,5,0,0
248435,472205364,D,1,B,1,"E,M",1,E,1,M,1,G,1,4,5,B,1,D,1,"G,N",1,G,1,N,1,H,1,4,5,0,0
212762,240931674,D,1,B,1,"E,M",1,E,1,M,1,G,1,4,5,B,1,D,1,"G,N",1,G,1,N,1,H,1,4,5,0,0
221345,548037038,D,1,B,1,"E,M",1,E,1,M,1,G,1,4,5,B,1,D,1,"G,N",1,G,1,N,1,H,1,4,5,0,0
213243,828086416,D,1,B,1,"E,M",1,E,1,M,1,G,1,4,5,B,1,D,1,"G,N",1,G,1,N,1,H,1,4,5,0,0
217080,312631997,D,1,B,1,"E,M",1,E,1,M,1,G,1,4,5,B,1,D,1,"G,N",1,G,1,N,1,H,1,4,5,0,0
245408,565722061,D,1,B,1,"E,M",1,E,1,M,1,G,1,4,5,B,1,D,1,"G,N",1,G,1,N,1,H,1,4,5,0,0
219862,303888651,D,1,B,1,"E,M",1,E,1,M,1,G,1,4,5,B,1,D,1,"G,N",1,G,1,N,1,H,1,4,5,0,0
256182,600808515,D,1,B,1,"E,M",1,E,1,M,1,G,1,4,5,B,1,D,1,"G,N",1,G,1,N,1,H,1,4,5,0,0
244547,164612240,D,1,B,1,"E,M",1,E,1,M,1,G,1,4,5,B,1,D,1,"G,N",1,G,1,N,1,H,1,4,5,0,0
244645,606278623,D,1,B,1,"E,M",1,E,1,M,1,G,1,4,5,B,1,D,1,"G,N",1,G,1,N,1,H,1,4,5,0,0
263332,130296833,D,1,B,1,"E,M",1,E,1,M,1,G,1,4,5,B,1,D,1,"G,N",1,G,1,N,1,H,1,4,5,0,0
244748,233283357,D,1,B,1,"E,M",1,E,1,M,1,G,1,4,5,B,1,D,1,"G,N",1,G,1,N,1,H,1,4,5,0,0
261596,122450052,D,1,B,1,"E,M",1,E,1,M,1,G,1,4,5,B,1,D,1,"G,N",1,G,1,N,1,H,1,4,5,0,0
255741,392631419,D,1,B,1,"E,M",1,E,1,M,1,G,1,4,5,B,1,D,1,"G,N",1,G,1,N,1,H,1,4,5,0,0
238271,637094296,D,1,B,1,"E,M",1,E,1,M,1,G,1,4,5,B,1,D,1,"G,N",1,G,1,N,1,H,1,4,5,0,0
222384,414462370,D,1,B,1,"E,M",1,E,1,M,1,G,1,4,5,B,1,D,1,"G,N",1,G,1,N,1,H,1,4,5,0,0
251141,129996234,D,1,B,1,"E,M",1,E,1,M,1,G,1,4,5,B,1,D,1,"G,N",1,G,1,N,1,H,1,4,5,0,0